{
  "project_info": {
    "project_number": "885281219461",
    "project_id": "seraphine-31e19",
    "storage_bucket": "seraphine-31e19.appspot.com"
  },
  "client": [
    {
      "client_info": {
        "mobilesdk_app_id": "1:885281219461:android:fc033361ab50216d6a9aec",
        "android_client_info": {
          "package_name": "com.serapercel.seraphine"
        }
      },
      "oauth_client": [
        {
          "client_id": "885281219461-q3fddtpobf5hgigqrtfse5cplvv2cao1.apps.googleusercontent.com",
          "client_type": 3
        }
      ],
      "api_key": [
        {
          "current_key": "AIzaSyBKASENaOqS0Qd8TH8MGKCspm5wUMFfAN0"
        }
      ],
      "services": {
        "appinvite_service": {
          "other_platform_oauth_client": [
            {
              "client_id": "885281219461-q3fddtpobf5hgigqrtfse5cplvv2cao1.apps.googleusercontent.com",
              "client_type": 3
            }
          ]
        }
      }
    }
  ],
  "configuration_version": "1"
}