{
  "project_info": {
    "project_number": "548874300810",
    "project_id": "travel-application-da65d",
    "storage_bucket": "travel-application-da65d.appspot.com"
  },
  "client": [
    {
      "client_info": {
        "mobilesdk_app_id": "1:548874300810:android:deb69b9949c96fe24c2c73",
        "android_client_info": {
          "package_name": "com.cankarademir.travelapplication"
        }
      },
      "oauth_client": [
        {
          "client_id": "548874300810-fkipe1oujd896giidp4ioedb821sugl0.apps.googleusercontent.com",
          "client_type": 3
        }
      ],
      "api_key": [
        {
          "current_key": "AIzaSyAJIKN0fwyMilz-GDU-t2kqZUNxhTeD01k"
        }
      ],
      "services": {
        "appinvite_service": {
          "other_platform_oauth_client": [
            {
              "client_id": "548874300810-fkipe1oujd896giidp4ioedb821sugl0.apps.googleusercontent.com",
              "client_type": 3
            }
          ]
        }
      }
    }
  ],
  "configuration_version": "1"
}