{
  "project_info": {
    "project_number": "419959179896",
    "project_id": "travelogue-app-ca391",
    "storage_bucket": "travelogue-app-ca391.appspot.com"
  },
  "client": [
    {
      "client_info": {
        "mobilesdk_app_id": "1:419959179896:android:e76e014e66660658923b8d",
        "android_client_info": {
          "package_name": "com.example.travelogueapp"
        }
      },
      "oauth_client": [
        {
          "client_id": "419959179896-7nk52s29fb09jnlf08fkeuimi1s8cucg.apps.googleusercontent.com",
          "client_type": 3
        }
      ],
      "api_key": [
        {
          "current_key": "AIzaSyDfRaoF9nGL4HfYQjywqEpCHbmd9jQk7aY"
        }
      ],
      "services": {
        "appinvite_service": {
          "other_platform_oauth_client": [
            {
              "client_id": "419959179896-7nk52s29fb09jnlf08fkeuimi1s8cucg.apps.googleusercontent.com",
              "client_type": 3
            }
          ]
        }
      }
    }
  ],
  "configuration_version": "1"
}