{
  "project_info": {
    "project_number": "517823414029",
    "project_id": "trkcllvize3",
    "storage_bucket": "trkcllvize3.appspot.com"
  },
  "client": [
    {
      "client_info": {
        "mobilesdk_app_id": "1:517823414029:android:ed007c728b838d56517a44",
        "android_client_info": {
          "package_name": "com.musicsapp"
        }
      },
      "oauth_client": [
        {
          "client_id": "517823414029-h50a7e6vks7igdedico1ojoau0e6ui44.apps.googleusercontent.com",
          "client_type": 3
        }
      ],
      "api_key": [
        {
          "current_key": "AIzaSyCpWbNMdkhA3Be-KiN6lxwJUGc7aHPS7TQ"
        }
      ],
      "services": {
        "appinvite_service": {
          "other_platform_oauth_client": [
            {
              "client_id": "517823414029-h50a7e6vks7igdedico1ojoau0e6ui44.apps.googleusercontent.com",
              "client_type": 3
            }
          ]
        }
      }
    }
  ],
  "configuration_version": "1"
}