{
  "project_info": {
    "project_number": "520371494714",
    "project_id": "vize-3",
    "storage_bucket": "vize-3.appspot.com"
  },
  "client": [
    {
      "client_info": {
        "mobilesdk_app_id": "1:520371494714:android:20321a2d4d11b58eabba03",
        "android_client_info": {
          "package_name": "com.example.vize_3"
        }
      },
      "oauth_client": [
        {
          "client_id": "520371494714-9to3h6l6pl0n2d60qmg0bk1sq4s0sadk.apps.googleusercontent.com",
          "client_type": 3
        }
      ],
      "api_key": [
        {
          "current_key": "AIzaSyCSlcXayOkZ55SWKwtGbLk6fXt1XSARQ30"
        }
      ],
      "services": {
        "appinvite_service": {
          "other_platform_oauth_client": [
            {
              "client_id": "520371494714-9to3h6l6pl0n2d60qmg0bk1sq4s0sadk.apps.googleusercontent.com",
              "client_type": 3
            }
          ]
        }
      }
    }
  ],
  "configuration_version": "1"
}