{
  "project_info": {
    "project_number": "105441253274",
    "project_id": "places-to-visit-1278a",
    "storage_bucket": "places-to-visit-1278a.appspot.com"
  },
  "client": [
    {
      "client_info": {
        "mobilesdk_app_id": "1:105441253274:android:61c0eaf127a1a29d6a8c23",
        "android_client_info": {
          "package_name": "com.placestovisit"
        }
      },
      "oauth_client": [
        {
          "client_id": "105441253274-iejuf8o3rmqot42ek6vg9omtqs915oqq.apps.googleusercontent.com",
          "client_type": 3
        }
      ],
      "api_key": [
        {
          "current_key": "AIzaSyBgKRzlGSYw9KNkELs0whDPfwPPmxWv_m4"
        }
      ],
      "services": {
        "appinvite_service": {
          "other_platform_oauth_client": [
            {
              "client_id": "105441253274-iejuf8o3rmqot42ek6vg9omtqs915oqq.apps.googleusercontent.com",
              "client_type": 3
            }
          ]
        }
      }
    }
  ],
  "configuration_version": "1"
}