{
  "project_info": {
    "project_number": "445591875456",
    "project_id": "musicplayer-f529c",
    "storage_bucket": "musicplayer-f529c.appspot.com"
  },
  "client": [
    {
      "client_info": {
        "mobilesdk_app_id": "1:445591875456:android:4bcd7bb38138cce0b39b65",
        "android_client_info": {
          "package_name": "com.alierdemalkoc.musicplayer"
        }
      },
      "oauth_client": [
        {
          "client_id": "445591875456-sh8umog0tdiluvbikf5heut5hqeb675i.apps.googleusercontent.com",
          "client_type": 3
        }
      ],
      "api_key": [
        {
          "current_key": "AIzaSyCLYG06iujPt9_uzjGpXRjV0IDLb7PuSp8"
        }
      ],
      "services": {
        "appinvite_service": {
          "other_platform_oauth_client": [
            {
              "client_id": "445591875456-sh8umog0tdiluvbikf5heut5hqeb675i.apps.googleusercontent.com",
              "client_type": 3
            }
          ]
        }
      }
    }
  ],
  "configuration_version": "1"
}