{
  "project_info": {
    "project_number": "491344496968",
    "project_id": "kotlin-bootcamp-odev9",
    "storage_bucket": "kotlin-bootcamp-odev9.appspot.com"
  },
  "client": [
    {
      "client_info": {
        "mobilesdk_app_id": "1:491344496968:android:bdf1aaf8a051706dc04b7d",
        "android_client_info": {
          "package_name": "com.works.odev9"
        }
      },
      "oauth_client": [
        {
          "client_id": "491344496968-mf2uuf2tlmlacidgqlm0jrjumoch3o3o.apps.googleusercontent.com",
          "client_type": 3
        }
      ],
      "api_key": [
        {
          "current_key": "AIzaSyD3ZG935H2UnUyj4KaOOvu8kerqi3LaLug"
        }
      ],
      "services": {
        "appinvite_service": {
          "other_platform_oauth_client": [
            {
              "client_id": "491344496968-mf2uuf2tlmlacidgqlm0jrjumoch3o3o.apps.googleusercontent.com",
              "client_type": 3
            }
          ]
        }
      }
    }
  ],
  "configuration_version": "1"
}