{
  "project_info": {
    "project_number": "296311443037",
    "project_id": "musicplayer-de121",
    "storage_bucket": "musicplayer-de121.appspot.com"
  },
  "client": [
    {
      "client_info": {
        "mobilesdk_app_id": "1:296311443037:android:787de719737d4eb5b6c7b4",
        "android_client_info": {
          "package_name": "com.sumeyra.musicplayer"
        }
      },
      "oauth_client": [
        {
          "client_id": "296311443037-2dqaabfhigco1dejui38bua06ggjprke.apps.googleusercontent.com",
          "client_type": 3
        }
      ],
      "api_key": [
        {
          "current_key": "AIzaSyACjwKbIOxqzoY1TygPtzQAQYCjy6II7UA"
        }
      ],
      "services": {
        "appinvite_service": {
          "other_platform_oauth_client": [
            {
              "client_id": "296311443037-2dqaabfhigco1dejui38bua06ggjprke.apps.googleusercontent.com",
              "client_type": 3
            }
          ]
        }
      }
    }
  ],
  "configuration_version": "1"
}