{
  "project_info": {
    "project_number": "1086781932636",
    "project_id": "fir-login-example-44c3e",
    "storage_bucket": "fir-login-example-44c3e.appspot.com"
  },
  "client": [
    {
      "client_info": {
        "mobilesdk_app_id": "1:1086781932636:android:327ffb0b3d3fe826129299",
        "android_client_info": {
          "package_name": "com.example.firebase_login_example"
        }
      },
      "oauth_client": [
        {
          "client_id": "1086781932636-r8k7eekcb0u4nor7nedgp9cqnf3cmu9o.apps.googleusercontent.com",
          "client_type": 3
        }
      ],
      "api_key": [
        {
          "current_key": "AIzaSyBjmZhMW_dD9mLiAnxtNOBQF7cjt_8f5D4"
        }
      ],
      "services": {
        "appinvite_service": {
          "other_platform_oauth_client": [
            {
              "client_id": "1086781932636-r8k7eekcb0u4nor7nedgp9cqnf3cmu9o.apps.googleusercontent.com",
              "client_type": 3
            }
          ]
        }
      }
    }
  ],
  "configuration_version": "1"
}