{
  "project_info": {
    "project_number": "211864157637",
    "project_id": "turkcellandroidmusicplayer",
    "storage_bucket": "turkcellandroidmusicplayer.appspot.com"
  },
  "client": [
    {
      "client_info": {
        "mobilesdk_app_id": "1:211864157637:android:29847a41bb42f29dda1fac",
        "android_client_info": {
          "package_name": "com.emirk.turkcellandroidmusicplayer"
        }
      },
      "oauth_client": [
        {
          "client_id": "211864157637-70d1rrkq7pctpbfd573ncf65emp9k1fu.apps.googleusercontent.com",
          "client_type": 3
        }
      ],
      "api_key": [
        {
          "current_key": "AIzaSyA8h82E6Asi0x3Cm5D4XEskrwjmesi_noQ"
        }
      ],
      "services": {
        "appinvite_service": {
          "other_platform_oauth_client": [
            {
              "client_id": "211864157637-70d1rrkq7pctpbfd573ncf65emp9k1fu.apps.googleusercontent.com",
              "client_type": 3
            }
          ]
        }
      }
    }
  ],
  "configuration_version": "1"
}