{
  "project_info": {
    "project_number": "407874749499",
    "project_id": "music-application-d5e44",
    "storage_bucket": "music-application-d5e44.appspot.com"
  },
  "client": [
    {
      "client_info": {
        "mobilesdk_app_id": "1:407874749499:android:abdec35da8ead5160c881e",
        "android_client_info": {
          "package_name": "com.cankarademir.musicapplication"
        }
      },
      "oauth_client": [
        {
          "client_id": "407874749499-skhn2slks1cop0n4u8qncf944k4foef9.apps.googleusercontent.com",
          "client_type": 3
        }
      ],
      "api_key": [
        {
          "current_key": "AIzaSyBAa4-FwY2bG_mI4iR4oPf3ovXgh2noyNI"
        }
      ],
      "services": {
        "appinvite_service": {
          "other_platform_oauth_client": [
            {
              "client_id": "407874749499-skhn2slks1cop0n4u8qncf944k4foef9.apps.googleusercontent.com",
              "client_type": 3
            }
          ]
        }
      }
    }
  ],
  "configuration_version": "1"
}