{
  "project_info": {
    "project_number": "1090661372623",
    "project_id": "mockimusicplayer",
    "storage_bucket": "mockimusicplayer.appspot.com"
  },
  "client": [
    {
      "client_info": {
        "mobilesdk_app_id": "1:1090661372623:android:358202a2029a41409b9dba",
        "android_client_info": {
          "package_name": "com.nsicyber.mockimusicplayer"
        }
      },
      "oauth_client": [
        {
          "client_id": "1090661372623-qh9h6cbv44kct5dctp3ijis25hqh37rd.apps.googleusercontent.com",
          "client_type": 1,
          "android_info": {
            "package_name": "com.nsicyber.mockimusicplayer",
            "certificate_hash": "2027f477649826055e550cdc38633e79f2375a12"
          }
        },
        {
          "client_id": "1090661372623-8sakik8h6d4825lhfn06qk3iq3748ckj.apps.googleusercontent.com",
          "client_type": 3
        }
      ],
      "api_key": [
        {
          "current_key": "AIzaSyBRsKUmJIg3DuTV9G4Eg7NnlFK__UNoJwA"
        }
      ],
      "services": {
        "appinvite_service": {
          "other_platform_oauth_client": [
            {
              "client_id": "1090661372623-8sakik8h6d4825lhfn06qk3iq3748ckj.apps.googleusercontent.com",
              "client_type": 3
            }
          ]
        }
      }
    }
  ],
  "configuration_version": "1"
}