{
  "project_info": {
    "project_number": "572993720471",
    "project_id": "music-player-app-3a98a",
    "storage_bucket": "music-player-app-3a98a.appspot.com"
  },
  "client": [
    {
      "client_info": {
        "mobilesdk_app_id": "1:572993720471:android:290621ae831fc9abd459d2",
        "android_client_info": {
          "package_name": "com.example.musicplayerapp"
        }
      },
      "oauth_client": [
        {
          "client_id": "572993720471-dh065ns2oo8jftdstp62acj50tn87p7g.apps.googleusercontent.com",
          "client_type": 3
        }
      ],
      "api_key": [
        {
          "current_key": "AIzaSyBHUdXigw_SBPt5YoRtKr-SYtUTn8LvHTI"
        }
      ],
      "services": {
        "appinvite_service": {
          "other_platform_oauth_client": [
            {
              "client_id": "572993720471-dh065ns2oo8jftdstp62acj50tn87p7g.apps.googleusercontent.com",
              "client_type": 3
            }
          ]
        }
      }
    }
  ],
  "configuration_version": "1"
}