{
  "project_info": {
    "project_number": "605071962510",
    "project_id": "andromusicplayer",
    "storage_bucket": "andromusicplayer.appspot.com"
  },
  "client": [
    {
      "client_info": {
        "mobilesdk_app_id": "1:605071962510:android:7cb8fb6251c0dc6a6df4df",
        "android_client_info": {
          "package_name": "com.mustafaunlu.andromusicplayer"
        }
      },
      "oauth_client": [
        {
          "client_id": "605071962510-pojp76mj54r1ab6cdfkcfv0pljh589bm.apps.googleusercontent.com",
          "client_type": 3
        }
      ],
      "api_key": [
        {
          "current_key": "AIzaSyAOMew9OPtVfSliv4ueGNWa1XZFzgJrjw8"
        }
      ],
      "services": {
        "appinvite_service": {
          "other_platform_oauth_client": [
            {
              "client_id": "605071962510-pojp76mj54r1ab6cdfkcfv0pljh589bm.apps.googleusercontent.com",
              "client_type": 3
            }
          ]
        }
      }
    }
  ],
  "configuration_version": "1"
}