{"nm":"19 - Paper Notes","ddd":0,"h":1000,"w":1000,"meta":{"g":"LottieFiles AE 0.1.20"},"layers":[{"ty":3,"nm":"Trigger","sr":1,"st":0,"op":600,"ip":0,"hd":false,"ddd":0,"bm":0,"hasMask":false,"ao":0,"ks":{"a":{"a":0,"k":[0,0,0],"ix":1},"s":{"a":0,"k":[100,100,100],"ix":6},"sk":{"a":0,"k":0},"p":{"a":0,"k":[500,500,0],"ix":2},"r":{"a":0,"k":0,"ix":10},"sa":{"a":0,"k":0},"o":{"a":0,"k":0,"ix":11}},"ef":[],"ind":1},{"ty":3,"nm":"Out Animation","sr":1,"st":0,"op":600,"ip":0,"hd":false,"ddd":0,"bm":0,"hasMask":false,"ao":0,"ks":{"a":{"a":0,"k":[50,50,0],"ix":1},"s":{"a":1,"k":[{"o":{"x":0.333,"y":0},"i":{"x":0,"y":1},"s":[100,100,100],"t":240},{"o":{"x":1,"y":0},"i":{"x":0.667,"y":1},"s":[110,110,100],"t":260},{"s":[0,0,100],"t":300}],"ix":6},"sk":{"a":0,"k":0},"p":{"a":0,"k":[500,500,0],"ix":2},"r":{"a":1,"k":[{"o":{"x":0.167,"y":0},"i":{"x":0.667,"y":1},"s":[0],"t":0},{"o":{"x":0.333,"y":0},"i":{"x":0,"y":1},"s":[0],"t":240},{"o":{"x":1,"y":0},"i":{"x":0.667,"y":1},"s":[5],"t":260},{"s":[-25],"t":300}],"ix":10},"sa":{"a":0,"k":0},"o":{"a":0,"k":0,"ix":11}},"ef":[],"ind":2},{"ty":4,"nm":"Shape Layer 1","sr":1,"st":0,"op":600,"ip":0,"hd":false,"ddd":0,"bm":0,"hasMask":false,"ao":0,"ks":{"a":{"a":0,"k":[0,0,0],"ix":1},"s":{"a":0,"k":[100,100,100],"ix":6},"sk":{"a":0,"k":0},"p":{"a":0,"k":[50,50,0],"ix":2},"r":{"a":0,"k":0,"ix":10},"sa":{"a":0,"k":0},"o":{"a":0,"k":100,"ix":11}},"ef":[],"shapes":[{"ty":"gr","bm":0,"hd":false,"mn":"ADBE Vector Group","nm":"Shape 1","ix":1,"cix":2,"np":3,"it":[{"ty":"sh","bm":0,"hd":false,"mn":"ADBE Vector Shape - Group","nm":"Path 1","ix":1,"d":1,"ks":{"a":0,"k":{"c":false,"i":[[0.125,5.875],[27,-0.25],[0.125,-3.375],[0,0],[-16.874,0.194],[0,3.25],[0,0]],"o":[[-0.125,-5.875],[-27.874,0.258],[-0.125,3.375],[0,0],[21.75,-0.25],[0,-3.25],[0,0]],"v":[[142.75,-280.625],[110.625,-310.125],[79,-280.25],[78.875,-187.875],[98.5,-166],[119.875,-188.125],[119.875,-260.125]]},"ix":2}},{"ty":"st","bm":0,"hd":false,"mn":"ADBE Vector Graphic - Stroke","nm":"Stroke 1","lc":2,"lj":1,"ml":4,"o":{"a":0,"k":100,"ix":4},"w":{"a":0,"k":10,"ix":5},"c":{"a":0,"k":[0.1686,0.1608,0.1843],"ix":3}},{"ty":"tr","a":{"a":0,"k":[0,0],"ix":1},"s":{"a":0,"k":[100,100],"ix":3},"sk":{"a":0,"k":0,"ix":4},"p":{"a":0,"k":[0,0],"ix":2},"r":{"a":0,"k":0,"ix":6},"sa":{"a":0,"k":0,"ix":5},"o":{"a":0,"k":100,"ix":7}}]},{"ty":"tm","bm":0,"hd":false,"mn":"ADBE Vector Filter - Trim","nm":"Trim Paths 1","ix":2,"e":{"a":1,"k":[{"o":{"x":0.557,"y":0},"i":{"x":0.516,"y":1},"s":[0],"t":20},{"s":[100],"t":50}],"ix":2},"o":{"a":0,"k":0,"ix":3},"s":{"a":0,"k":0,"ix":1},"m":1}],"ind":3,"parent":2},{"ty":4,"nm":"Layer 2 Outlines","sr":1,"st":0,"op":600,"ip":0,"hd":false,"ddd":0,"bm":0,"hasMask":false,"ao":0,"ks":{"a":{"a":0,"k":[0.25,27.396,0],"ix":1},"s":{"a":1,"k":[{"o":{"x":0.333,"y":0},"i":{"x":0.667,"y":1},"s":[100,100,100],"t":170},{"o":{"x":0.333,"y":0},"i":{"x":0.667,"y":1},"s":[104,100,100],"t":180},{"o":{"x":0.333,"y":0},"i":{"x":0.667,"y":1},"s":[100,100,100],"t":190},{"o":{"x":0.333,"y":0},"i":{"x":0.667,"y":1},"s":[104,100,100],"t":200},{"o":{"x":0.333,"y":0},"i":{"x":0.667,"y":1},"s":[100,100,100],"t":210},{"o":{"x":0.333,"y":0},"i":{"x":0.667,"y":1},"s":[104,100,100],"t":220},{"o":{"x":0.333,"y":0},"i":{"x":0.667,"y":1},"s":[100,100,100],"t":230},{"o":{"x":0.333,"y":0},"i":{"x":0.667,"y":1},"s":[104,100,100],"t":240},{"o":{"x":0.333,"y":0},"i":{"x":0.667,"y":1},"s":[100,100,100],"t":250},{"o":{"x":0.333,"y":0},"i":{"x":0.667,"y":1},"s":[104,100,100],"t":260},{"s":[100,100,100],"t":270}],"ix":6},"sk":{"a":0,"k":0},"p":{"a":0,"k":[48.613,454.782,0],"ix":2},"r":{"a":0,"k":0,"ix":10},"sa":{"a":0,"k":0},"o":{"a":0,"k":100,"ix":11}},"ef":[],"shapes":[{"ty":"gr","bm":0,"hd":false,"mn":"ADBE Vector Group","nm":"Group 1","ix":1,"cix":2,"np":2,"it":[{"ty":"sh","bm":0,"hd":false,"mn":"ADBE Vector Shape - Group","nm":"Path 1","ix":1,"d":1,"ks":{"a":0,"k":{"c":true,"i":[[0,0],[0,0],[0,0],[0,0]],"o":[[0,0],[0,0],[0,0],[0,0]],"v":[[-113.897,27.146],[113.897,27.146],[113.897,-27.146],[-113.897,-27.146]]},"ix":2}},{"ty":"fl","bm":0,"hd":false,"mn":"ADBE Vector Graphic - Fill","nm":"Fill 1","c":{"a":0,"k":[0.8706,0.8588,0.7647],"ix":4},"r":1,"o":{"a":0,"k":100,"ix":5}},{"ty":"tr","a":{"a":0,"k":[0,0],"ix":1},"s":{"a":0,"k":[100,100],"ix":3},"sk":{"a":0,"k":0,"ix":4},"p":{"a":0,"k":[114.147,27.396],"ix":2},"r":{"a":0,"k":0,"ix":6},"sa":{"a":0,"k":0,"ix":5},"o":{"a":0,"k":100,"ix":7}}]}],"ind":4,"parent":8},{"ty":4,"nm":"Layer 3 Outlines","sr":1,"st":0,"op":600,"ip":0,"hd":false,"ddd":0,"bm":0,"hasMask":false,"ao":0,"ks":{"a":{"a":0,"k":[0.25,27.396,0],"ix":1},"s":{"a":1,"k":[{"o":{"x":0.333,"y":0},"i":{"x":0.667,"y":1},"s":[100,100,100],"t":160},{"o":{"x":0.333,"y":0},"i":{"x":0.667,"y":1},"s":[104,100,100],"t":170},{"o":{"x":0.333,"y":0},"i":{"x":0.667,"y":1},"s":[100,100,100],"t":180},{"o":{"x":0.333,"y":0},"i":{"x":0.667,"y":1},"s":[104,100,100],"t":190},{"o":{"x":0.333,"y":0},"i":{"x":0.667,"y":1},"s":[100,100,100],"t":200},{"o":{"x":0.333,"y":0},"i":{"x":0.667,"y":1},"s":[104,100,100],"t":210},{"o":{"x":0.333,"y":0},"i":{"x":0.667,"y":1},"s":[100,100,100],"t":220},{"o":{"x":0.333,"y":0},"i":{"x":0.667,"y":1},"s":[104,100,100],"t":230},{"o":{"x":0.333,"y":0},"i":{"x":0.667,"y":1},"s":[100,100,100],"t":240},{"o":{"x":0.333,"y":0},"i":{"x":0.667,"y":1},"s":[104,100,100],"t":250},{"o":{"x":0.333,"y":0},"i":{"x":0.667,"y":1},"s":[100,100,100],"t":260},{"o":{"x":0.333,"y":0},"i":{"x":0.667,"y":1},"s":[104,100,100],"t":270},{"s":[100,100,100],"t":280}],"ix":6},"sk":{"a":0,"k":0},"p":{"a":0,"k":[48.613,358.334,0],"ix":2},"r":{"a":0,"k":0,"ix":10},"sa":{"a":0,"k":0},"o":{"a":0,"k":100,"ix":11}},"ef":[],"shapes":[{"ty":"gr","bm":0,"hd":false,"mn":"ADBE Vector Group","nm":"Group 1","ix":1,"cix":2,"np":2,"it":[{"ty":"sh","bm":0,"hd":false,"mn":"ADBE Vector Shape - Group","nm":"Path 1","ix":1,"d":1,"ks":{"a":0,"k":{"c":true,"i":[[0,0],[0,0],[0,0],[0,0]],"o":[[0,0],[0,0],[0,0],[0,0]],"v":[[-186.753,27.146],[186.753,27.146],[186.753,-27.146],[-186.753,-27.146]]},"ix":2}},{"ty":"fl","bm":0,"hd":false,"mn":"ADBE Vector Graphic - Fill","nm":"Fill 1","c":{"a":0,"k":[0.8706,0.8588,0.7647],"ix":4},"r":1,"o":{"a":0,"k":100,"ix":5}},{"ty":"tr","a":{"a":0,"k":[0,0],"ix":1},"s":{"a":0,"k":[100,100],"ix":3},"sk":{"a":0,"k":0,"ix":4},"p":{"a":0,"k":[187.003,27.396],"ix":2},"r":{"a":0,"k":0,"ix":6},"sa":{"a":0,"k":0,"ix":5},"o":{"a":0,"k":100,"ix":7}}]}],"ind":5,"parent":8},{"ty":4,"nm":"Layer 5 Outlines","sr":1,"st":0,"op":600,"ip":0,"hd":false,"ddd":0,"bm":0,"hasMask":false,"ao":0,"ks":{"a":{"a":0,"k":[0.25,27.396,0],"ix":1},"s":{"a":1,"k":[{"o":{"x":0.333,"y":0},"i":{"x":0.667,"y":1},"s":[100,100,100],"t":150},{"o":{"x":0.333,"y":0},"i":{"x":0.667,"y":1},"s":[104,100,100],"t":160},{"o":{"x":0.333,"y":0},"i":{"x":0.667,"y":1},"s":[100,100,100],"t":170},{"o":{"x":0.333,"y":0},"i":{"x":0.667,"y":1},"s":[104,100,100],"t":180},{"o":{"x":0.333,"y":0},"i":{"x":0.667,"y":1},"s":[100,100,100],"t":190},{"o":{"x":0.333,"y":0},"i":{"x":0.667,"y":1},"s":[104,100,100],"t":200},{"o":{"x":0.333,"y":0},"i":{"x":0.667,"y":1},"s":[100,100,100],"t":210},{"o":{"x":0.333,"y":0},"i":{"x":0.667,"y":1},"s":[104,100,100],"t":220},{"o":{"x":0.333,"y":0},"i":{"x":0.667,"y":1},"s":[100,100,100],"t":230},{"o":{"x":0.333,"y":0},"i":{"x":0.667,"y":1},"s":[104,100,100],"t":240},{"o":{"x":0.333,"y":0},"i":{"x":0.667,"y":1},"s":[100,100,100],"t":250},{"o":{"x":0.333,"y":0},"i":{"x":0.667,"y":1},"s":[104,100,100],"t":260},{"s":[100,100,100],"t":270}],"ix":6},"sk":{"a":0,"k":0},"p":{"a":0,"k":[48.613,261.886,0],"ix":2},"r":{"a":0,"k":0,"ix":10},"sa":{"a":0,"k":0},"o":{"a":0,"k":100,"ix":11}},"ef":[],"shapes":[{"ty":"gr","bm":0,"hd":false,"mn":"ADBE Vector Group","nm":"Group 1","ix":1,"cix":2,"np":2,"it":[{"ty":"sh","bm":0,"hd":false,"mn":"ADBE Vector Shape - Group","nm":"Path 1","ix":1,"d":1,"ks":{"a":0,"k":{"c":true,"i":[[0,0],[0,0],[0,0],[0,0]],"o":[[0,0],[0,0],[0,0],[0,0]],"v":[[-186.753,27.146],[186.753,27.146],[186.753,-27.146],[-186.753,-27.146]]},"ix":2}},{"ty":"fl","bm":0,"hd":false,"mn":"ADBE Vector Graphic - Fill","nm":"Fill 1","c":{"a":0,"k":[0.8706,0.8588,0.7647],"ix":4},"r":1,"o":{"a":0,"k":100,"ix":5}},{"ty":"tr","a":{"a":0,"k":[0,0],"ix":1},"s":{"a":0,"k":[100,100],"ix":3},"sk":{"a":0,"k":0,"ix":4},"p":{"a":0,"k":[187.003,27.396],"ix":2},"r":{"a":0,"k":0,"ix":6},"sa":{"a":0,"k":0,"ix":5},"o":{"a":0,"k":100,"ix":7}}]}],"ind":6,"parent":8},{"ty":4,"nm":"Layer 6 Outlines","sr":1,"st":0,"op":600,"ip":0,"hd":false,"ddd":0,"bm":0,"hasMask":false,"ao":0,"ks":{"a":{"a":0,"k":[0.25,27.396,0],"ix":1},"s":{"a":1,"k":[{"o":{"x":0.333,"y":0},"i":{"x":0.667,"y":1},"s":[100,100,100],"t":140},{"o":{"x":0.333,"y":0},"i":{"x":0.667,"y":1},"s":[104,100,100],"t":150},{"o":{"x":0.333,"y":0},"i":{"x":0.667,"y":1},"s":[100,100,100],"t":160},{"o":{"x":0.333,"y":0},"i":{"x":0.667,"y":1},"s":[104,100,100],"t":170},{"o":{"x":0.333,"y":0},"i":{"x":0.667,"y":1},"s":[100,100,100],"t":180},{"o":{"x":0.333,"y":0},"i":{"x":0.667,"y":1},"s":[104,100,100],"t":190},{"o":{"x":0.333,"y":0},"i":{"x":0.667,"y":1},"s":[100,100,100],"t":200},{"o":{"x":0.333,"y":0},"i":{"x":0.667,"y":1},"s":[104,100,100],"t":210},{"o":{"x":0.333,"y":0},"i":{"x":0.667,"y":1},"s":[100,100,100],"t":220},{"o":{"x":0.333,"y":0},"i":{"x":0.667,"y":1},"s":[104,100,100],"t":230},{"o":{"x":0.333,"y":0},"i":{"x":0.667,"y":1},"s":[100,100,100],"t":240},{"o":{"x":0.333,"y":0},"i":{"x":0.667,"y":1},"s":[104,100,100],"t":250},{"s":[100,100,100],"t":260}],"ix":6},"sk":{"a":0,"k":0},"p":{"a":0,"k":[48.613,165.438,0],"ix":2},"r":{"a":0,"k":0,"ix":10},"sa":{"a":0,"k":0},"o":{"a":0,"k":100,"ix":11}},"ef":[],"shapes":[{"ty":"gr","bm":0,"hd":false,"mn":"ADBE Vector Group","nm":"Group 1","ix":1,"cix":2,"np":2,"it":[{"ty":"sh","bm":0,"hd":false,"mn":"ADBE Vector Shape - Group","nm":"Path 1","ix":1,"d":1,"ks":{"a":0,"k":{"c":true,"i":[[0,0],[0,0],[0,0],[0,0]],"o":[[0,0],[0,0],[0,0],[0,0]],"v":[[-186.753,27.146],[186.753,27.146],[186.753,-27.146],[-186.753,-27.146]]},"ix":2}},{"ty":"fl","bm":0,"hd":false,"mn":"ADBE Vector Graphic - Fill","nm":"Fill 1","c":{"a":0,"k":[0.8706,0.8588,0.7647],"ix":4},"r":1,"o":{"a":0,"k":100,"ix":5}},{"ty":"tr","a":{"a":0,"k":[0,0],"ix":1},"s":{"a":0,"k":[100,100],"ix":3},"sk":{"a":0,"k":0,"ix":4},"p":{"a":0,"k":[187.003,27.396],"ix":2},"r":{"a":0,"k":0,"ix":6},"sa":{"a":0,"k":0,"ix":5},"o":{"a":0,"k":100,"ix":7}}]}],"ind":7,"parent":8},{"ty":4,"nm":"Layer 8 Outlines","sr":1,"st":0,"op":600,"ip":0,"hd":false,"ddd":0,"bm":0,"hasMask":false,"ao":0,"ks":{"a":{"a":0,"k":[470.48,0.25,0],"ix":1},"s":{"a":1,"k":[{"o":{"x":0.635,"y":0},"i":{"x":0.667,"y":1},"s":[0,0,100],"t":0},{"s":[100,100,100],"t":40}],"ix":6},"sk":{"a":0,"k":0},"p":{"a":0,"k":[255.484,-230.862,0],"ix":2},"r":{"a":1,"k":[{"o":{"x":0.333,"y":0},"i":{"x":0.667,"y":1},"s":[-60],"t":0},{"o":{"x":0.333,"y":0},"i":{"x":0.667,"y":1},"s":[5],"t":40},{"o":{"x":0.333,"y":0},"i":{"x":0.667,"y":1},"s":[-5],"t":50},{"o":{"x":0.333,"y":0},"i":{"x":0.667,"y":1},"s":[4],"t":60},{"o":{"x":0.333,"y":0},"i":{"x":0.667,"y":1},"s":[-4],"t":70},{"o":{"x":0.333,"y":0},"i":{"x":0.667,"y":1},"s":[3],"t":80},{"o":{"x":0.333,"y":0},"i":{"x":0.667,"y":1},"s":[-3],"t":90},{"o":{"x":0.333,"y":0},"i":{"x":0.667,"y":1},"s":[2],"t":100},{"o":{"x":0.333,"y":0},"i":{"x":0.667,"y":1},"s":[-2],"t":110},{"o":{"x":0.333,"y":0},"i":{"x":0.667,"y":1},"s":[1],"t":120},{"o":{"x":0.333,"y":0},"i":{"x":0.667,"y":1},"s":[-1],"t":130},{"s":[0],"t":140}],"ix":10},"sa":{"a":0,"k":0},"o":{"a":0,"k":100,"ix":11}},"ef":[],"shapes":[{"ty":"gr","bm":0,"hd":false,"mn":"ADBE Vector Group","nm":"Group 1","ix":1,"cix":2,"np":2,"it":[{"ty":"sh","bm":0,"hd":false,"mn":"ADBE Vector Shape - Group","nm":"Path 1","ix":1,"d":1,"ks":{"a":0,"k":{"c":true,"i":[[0,18.983],[0,0],[0,0],[0,0]],"o":[[0,0],[0,0],[0,0],[18.983,0]],"v":[[48.465,14.093],[48.465,-48.465],[-48.465,48.465],[14.093,48.465]]},"ix":2}},{"ty":"fl","bm":0,"hd":false,"mn":"ADBE Vector Graphic - Fill","nm":"Fill 1","c":{"a":0,"k":[0.5961,0.5412,0.3333],"ix":4},"r":1,"o":{"a":0,"k":100,"ix":5}},{"ty":"tr","a":{"a":0,"k":[0,0],"ix":1},"s":{"a":0,"k":[100,100],"ix":3},"sk":{"a":0,"k":0,"ix":4},"p":{"a":0,"k":[48.715,48.715],"ix":2},"r":{"a":0,"k":0,"ix":6},"sa":{"a":0,"k":0,"ix":5},"o":{"a":0,"k":100,"ix":7}}]},{"ty":"gr","bm":0,"hd":false,"mn":"ADBE Vector Group","nm":"Group 2","ix":2,"cix":2,"np":2,"it":[{"ty":"sh","bm":0,"hd":false,"mn":"ADBE Vector Shape - Group","nm":"Path 1","ix":1,"d":1,"ks":{"a":0,"k":{"c":true,"i":[[0,0],[0,0],[0,0],[-18.983,0],[0,0],[0,18.983],[0,0],[18.984,0]],"o":[[0,0],[0,0],[0,18.983],[0,0],[18.984,0],[0,0],[0,-18.983],[0,0]],"v":[[-138.185,-308.427],[-235.115,-211.496],[-235.115,274.053],[-200.743,308.427],[200.743,308.427],[235.115,274.053],[235.115,-274.055],[200.743,-308.427]]},"ix":2}},{"ty":"fl","bm":0,"hd":false,"mn":"ADBE Vector Graphic - Fill","nm":"Fill 1","c":{"a":0,"k":[0.9529,0.9608,0.8824],"ix":4},"r":1,"o":{"a":0,"k":100,"ix":5}},{"ty":"tr","a":{"a":0,"k":[0,0],"ix":1},"s":{"a":0,"k":[100,100],"ix":3},"sk":{"a":0,"k":0,"ix":4},"p":{"a":0,"k":[235.365,308.677],"ix":2},"r":{"a":0,"k":0,"ix":6},"sa":{"a":0,"k":0,"ix":5},"o":{"a":0,"k":100,"ix":7}}]}],"ind":8,"parent":2},{"ty":4,"nm":"Layer 9 Outlines","sr":1,"st":0,"op":600,"ip":0,"hd":false,"ddd":0,"bm":0,"hasMask":false,"ao":0,"ks":{"a":{"a":0,"k":[470.48,0.25,0],"ix":1},"s":{"a":1,"k":[{"o":{"x":0.635,"y":0},"i":{"x":0.667,"y":1},"s":[0,0,100],"t":0},{"s":[100,100,100],"t":40}],"ix":6},"sk":{"a":0,"k":0},"p":{"a":0,"k":[301.217,-182.608,0],"ix":2},"r":{"a":1,"k":[{"o":{"x":0.333,"y":0},"i":{"x":0.667,"y":1},"s":[-60],"t":0},{"o":{"x":0.333,"y":0},"i":{"x":0.667,"y":1},"s":[5],"t":40},{"o":{"x":0.333,"y":0},"i":{"x":0.667,"y":1},"s":[-5],"t":50},{"o":{"x":0.333,"y":0},"i":{"x":0.667,"y":1},"s":[4],"t":60},{"o":{"x":0.333,"y":0},"i":{"x":0.667,"y":1},"s":[-4],"t":70},{"o":{"x":0.333,"y":0},"i":{"x":0.667,"y":1},"s":[3],"t":80},{"o":{"x":0.333,"y":0},"i":{"x":0.667,"y":1},"s":[-3],"t":90},{"o":{"x":0.333,"y":0},"i":{"x":0.667,"y":1},"s":[2],"t":100},{"o":{"x":0.333,"y":0},"i":{"x":0.667,"y":1},"s":[-2],"t":110},{"o":{"x":0.333,"y":0},"i":{"x":0.667,"y":1},"s":[1],"t":120},{"o":{"x":0.333,"y":0},"i":{"x":0.667,"y":1},"s":[-1],"t":130},{"s":[0],"t":140}],"ix":10},"sa":{"a":0,"k":0},"o":{"a":0,"k":100,"ix":11}},"ef":[],"shapes":[{"ty":"gr","bm":0,"hd":false,"mn":"ADBE Vector Group","nm":"Group 1","ix":1,"cix":2,"np":2,"it":[{"ty":"sh","bm":0,"hd":false,"mn":"ADBE Vector Shape - Group","nm":"Path 1","ix":1,"d":1,"ks":{"a":0,"k":{"c":true,"i":[[0,0],[0,0],[0,0],[-18.983,0],[0,0],[0,18.984],[0,0],[18.984,0]],"o":[[0,0],[0,0],[0,18.984],[0,0],[18.984,0],[0,0],[0,-18.983],[0,0]],"v":[[-138.185,-308.427],[-235.115,-211.496],[-235.115,274.053],[-200.743,308.427],[200.743,308.427],[235.115,274.053],[235.115,-274.055],[200.743,-308.427]]},"ix":2}},{"ty":"fl","bm":0,"hd":false,"mn":"ADBE Vector Graphic - Fill","nm":"Fill 1","c":{"a":0,"k":[0.8706,0.8588,0.7647],"ix":4},"r":1,"o":{"a":0,"k":100,"ix":5}},{"ty":"tr","a":{"a":0,"k":[0,0],"ix":1},"s":{"a":0,"k":[100,100],"ix":3},"sk":{"a":0,"k":0,"ix":4},"p":{"a":0,"k":[235.365,308.677],"ix":2},"r":{"a":0,"k":0,"ix":6},"sa":{"a":0,"k":0,"ix":5},"o":{"a":0,"k":100,"ix":7}}]}],"ind":9,"parent":2}],"v":"5.5.7","fr":60,"op":311,"ip":0,"assets":[]}