{
  "project_info": {
    "project_number": "375580572083",
    "project_id": "travelerapp-ec306",
    "storage_bucket": "travelerapp-ec306.appspot.com"
  },
  "client": [
    {
      "client_info": {
        "mobilesdk_app_id": "1:375580572083:android:3208aef79ea5700776b3c6",
        "android_client_info": {
          "package_name": "com.mustafaunlu.travelerapp"
        }
      },
      "oauth_client": [
        {
          "client_id": "375580572083-dbl6lecg6to4b13va5s5s6dfihdsuvvl.apps.googleusercontent.com",
          "client_type": 3
        }
      ],
      "api_key": [
        {
          "current_key": "AIzaSyD5cbrKIEz4WOMZ-Ma5cQlGRg8W2YpO6MI"
        }
      ],
      "services": {
        "appinvite_service": {
          "other_platform_oauth_client": [
            {
              "client_id": "375580572083-dbl6lecg6to4b13va5s5s6dfihdsuvvl.apps.googleusercontent.com",
              "client_type": 3
            }
          ]
        }
      }
    }
  ],
  "configuration_version": "1"
}