{"v":"5.5.7","meta":{"g":"LottieFiles AE 0.1.21","a":"origammaray","k":"wave alpaca llama cute hi hello goodbye bye wave","d":"Cute alpaca waving","tc":""},"fr":60,"ip":0,"op":60,"w":512,"h":512,"nm":"plainpaca_wave","ddd":0,"assets":[],"layers":[{"ddd":0,"ind":1,"ty":3,"nm":"Null 2","sr":1,"ks":{"o":{"a":0,"k":0,"ix":11},"r":{"a":0,"k":0,"ix":10},"p":{"a":0,"k":[265,257,0],"ix":2},"a":{"a":0,"k":[0,0,0],"ix":1},"s":{"a":0,"k":[74,74,100],"ix":6}},"ao":0,"ip":0,"op":60,"st":0,"bm":0},{"ddd":0,"ind":2,"ty":4,"nm":"Layer 4 Outlines","parent":1,"sr":1,"ks":{"o":{"a":0,"k":100,"ix":11},"r":{"a":0,"k":0,"ix":10},"p":{"a":0,"k":[-57.749,-161.43,0],"ix":2},"a":{"a":0,"k":[121.814,95.172,0],"ix":1},"s":{"a":0,"k":[100,100,100],"ix":6}},"ao":0,"shapes":[{"ty":"gr","it":[{"ind":0,"ty":"sh","ix":1,"ks":{"a":0,"k":{"i":[[4.832,4.707],[4.511,-0.111],[5.056,-0.124],[3.925,0.217],[11.463,-1.589],[2.189,-0.662],[2.197,-0.513],[3.523,-0.656],[5.557,0.18],[-13.646,-0.443],[-5.112,0.485],[-0.209,0.025],[-0.955,0.117],[-0.501,0.068],[-4.654,1.283],[-1.372,0.203],[-2.573,-0.064],[-0.873,-0.006],[-1.346,0.033],[-10.752,0.264],[-2.728,-0.104],[-1.073,0.036],[0,0],[-1.599,1.204]],"o":[[-1.525,-2.936],[-5.056,0.125],[-1.667,-2.404],[-11.598,-0.641],[-1.695,-0.457],[-2.195,0.663],[-3.537,0.611],[-5.376,0.672],[-13.662,-0.444],[5.144,0.167],[0.203,-0.012],[0.957,-0.115],[0.503,-0.062],[4.802,-0.609],[1.372,-0.221],[1.666,1.393],[0.874,0.021],[1.107,0.423],[10.752,-0.264],[1.64,1.395],[1.088,0.041],[0,0],[2.551,0],[6.356,-3.176]],"v":[[57.544,-4.75],[48.518,-9.696],[33.35,-9.323],[24.973,-13.691],[-9.622,-11.836],[-15.462,-11.626],[-22.049,-9.882],[-32.637,-7.973],[-49.005,-7.23],[-49.005,13.994],[-33.605,13.505],[-32.993,13.465],[-30.126,13.119],[-28.62,12.928],[-14.402,10.295],[-10.286,9.656],[-3.896,12.01],[-1.277,12.041],[2.401,12.663],[34.658,11.87],[41.201,14.291],[44.44,14.291],[50.087,14.291],[56.311,12.345]],"c":true},"ix":2},"nm":"Path 1","mn":"ADBE Vector Shape - Group","hd":false},{"ty":"fl","c":{"a":0,"k":[1,1,1,1],"ix":4},"o":{"a":0,"k":100,"ix":5},"r":1,"bm":0,"nm":"Fill 1","mn":"ADBE Vector Graphic - Fill","hd":false},{"ty":"tr","p":{"a":0,"k":[119.614,21.636],"ix":2},"a":{"a":0,"k":[0,0],"ix":1},"s":{"a":0,"k":[100,100],"ix":3},"r":{"a":0,"k":0,"ix":6},"o":{"a":0,"k":100,"ix":7},"sk":{"a":0,"k":0,"ix":4},"sa":{"a":0,"k":0,"ix":5},"nm":"Transform"}],"nm":"Group 1","np":2,"cix":2,"bm":0,"ix":1,"mn":"ADBE Vector Group","hd":false},{"ty":"gr","it":[{"ind":0,"ty":"sh","ix":1,"ks":{"a":0,"k":{"i":[[0,-3.587],[5.47,0],[0,3.587],[-5.47,0]],"o":[[0,3.587],[-5.47,0],[0,-3.587],[5.47,0]],"v":[[9.905,0],[0.001,6.496],[-9.905,0],[0.001,-6.496]],"c":true},"ix":2},"nm":"Path 1","mn":"ADBE Vector Shape - Group","hd":false},{"ty":"fl","c":{"a":0,"k":[0.945098099054,0.611764705882,0.647058823529,1],"ix":4},"o":{"a":0,"k":100,"ix":5},"r":1,"bm":0,"nm":"Fill 1","mn":"ADBE Vector Graphic - Fill","hd":false},{"ty":"tr","p":{"a":0,"k":[51.053,115.803],"ix":2},"a":{"a":0,"k":[0,0],"ix":1},"s":{"a":0,"k":[100,100],"ix":3},"r":{"a":0,"k":0,"ix":6},"o":{"a":0,"k":100,"ix":7},"sk":{"a":0,"k":0,"ix":4},"sa":{"a":0,"k":0,"ix":5},"nm":"Transform"}],"nm":"Group 2","np":2,"cix":2,"bm":0,"ix":2,"mn":"ADBE Vector Group","hd":false},{"ty":"gr","it":[{"ind":0,"ty":"sh","ix":1,"ks":{"a":0,"k":{"i":[[0,-3.587],[5.47,0],[0,3.587],[-5.47,0]],"o":[[0,3.587],[-5.47,0],[0,-3.587],[5.47,0]],"v":[[9.905,0],[0,6.496],[-9.905,0],[0,-6.496]],"c":true},"ix":2},"nm":"Path 1","mn":"ADBE Vector Shape - Group","hd":false},{"ty":"fl","c":{"a":0,"k":[0.945098099054,0.611764705882,0.647058823529,1],"ix":4},"o":{"a":0,"k":100,"ix":5},"r":1,"bm":0,"nm":"Fill 1","mn":"ADBE Vector Graphic - Fill","hd":false},{"ty":"tr","p":{"a":0,"k":[187.258,111.751],"ix":2},"a":{"a":0,"k":[0,0],"ix":1},"s":{"a":0,"k":[100,100],"ix":3},"r":{"a":0,"k":0,"ix":6},"o":{"a":0,"k":100,"ix":7},"sk":{"a":0,"k":0,"ix":4},"sa":{"a":0,"k":0,"ix":5},"nm":"Transform"}],"nm":"Group 3","np":2,"cix":2,"bm":0,"ix":3,"mn":"ADBE Vector Group","hd":false},{"ty":"gr","it":[{"ind":0,"ty":"sh","ix":1,"ks":{"a":0,"k":{"i":[[0,0],[-38.001,16.647],[-0.678,19.769],[5.089,21.504]],"o":[[0,0],[9.84,17.688],[12.554,18.035],[0,0]],"v":[[-73.823,-14.047],[-32.717,-1.214],[20.892,-5.029],[68.734,-16.475]],"c":false},"ix":2},"nm":"Path 1","mn":"ADBE Vector Shape - Group","hd":false},{"ty":"st","c":{"a":0,"k":[0,0,0,1],"ix":3},"o":{"a":0,"k":100,"ix":4},"w":{"a":0,"k":9.645,"ix":5},"lc":2,"lj":2,"bm":0,"nm":"Stroke 1","mn":"ADBE Vector Graphic - Stroke","hd":false},{"ty":"fl","c":{"a":0,"k":[1,1,1,1],"ix":4},"o":{"a":0,"k":100,"ix":5},"r":1,"bm":0,"nm":"Fill 1","mn":"ADBE Vector Graphic - Fill","hd":false},{"ty":"tr","p":{"a":0,"k":[120.98,44.52],"ix":2},"a":{"a":0,"k":[0,0],"ix":1},"s":{"a":0,"k":[100,100],"ix":3},"r":{"a":0,"k":0,"ix":6},"o":{"a":0,"k":100,"ix":7},"sk":{"a":0,"k":0,"ix":4},"sa":{"a":0,"k":0,"ix":5},"nm":"Transform"}],"nm":"Group 4","np":3,"cix":2,"bm":0,"ix":4,"mn":"ADBE Vector Group","hd":false},{"ty":"gr","it":[{"ind":0,"ty":"sh","ix":1,"ks":{"a":0,"k":{"i":[[0,-4.124],[4.124,0],[0,4.124],[-4.124,0]],"o":[[0,4.124],[-4.124,0],[0,-4.124],[4.124,0]],"v":[[7.467,0],[0,7.467],[-7.467,0],[0,-7.467]],"c":true},"ix":2},"nm":"Path 1","mn":"ADBE Vector Shape - Group","hd":false},{"ty":"fl","c":{"a":0,"k":[1,1,1,1],"ix":4},"o":{"a":0,"k":100,"ix":5},"r":1,"bm":0,"nm":"Fill 1","mn":"ADBE Vector Graphic - Fill","hd":false},{"ty":"tr","p":{"a":0,"k":[163.736,85.933],"ix":2},"a":{"a":0,"k":[0,0],"ix":1},"s":{"a":0,"k":[100,100],"ix":3},"r":{"a":0,"k":0,"ix":6},"o":{"a":0,"k":100,"ix":7},"sk":{"a":0,"k":0,"ix":4},"sa":{"a":0,"k":0,"ix":5},"nm":"Transform"}],"nm":"Group 5","np":2,"cix":2,"bm":0,"ix":5,"mn":"ADBE Vector Group","hd":false},{"ty":"gr","it":[{"ind":0,"ty":"sh","ix":1,"ks":{"a":0,"k":{"i":[[0,-9.145],[9.145,0],[0,9.145],[-9.145,0]],"o":[[0,9.145],[-9.145,0],[0,-9.145],[9.145,0]],"v":[[16.559,0],[0,16.559],[-16.559,0],[0,-16.559]],"c":true},"ix":2},"nm":"Path 1","mn":"ADBE Vector Shape - Group","hd":false},{"ty":"fl","c":{"a":0,"k":[0,0,0,1],"ix":4},"o":{"a":0,"k":100,"ix":5},"r":1,"bm":0,"nm":"Fill 1","mn":"ADBE Vector Graphic - Fill","hd":false},{"ty":"tr","p":{"a":0,"k":[167.859,89.823],"ix":2},"a":{"a":0,"k":[0,0],"ix":1},"s":{"a":0,"k":[100,100],"ix":3},"r":{"a":0,"k":0,"ix":6},"o":{"a":0,"k":100,"ix":7},"sk":{"a":0,"k":0,"ix":4},"sa":{"a":0,"k":0,"ix":5},"nm":"Transform"}],"nm":"Group 6","np":2,"cix":2,"bm":0,"ix":6,"mn":"ADBE Vector Group","hd":false},{"ty":"gr","it":[{"ind":0,"ty":"sh","ix":1,"ks":{"a":0,"k":{"i":[[0,-3.539],[3.539,0],[0,3.539],[-3.539,0]],"o":[[0,3.539],[-3.539,0],[0,-3.539],[3.539,0]],"v":[[6.408,0],[0,6.408],[-6.408,0],[0,-6.408]],"c":true},"ix":2},"nm":"Path 1","mn":"ADBE Vector Shape - Group","hd":false},{"ty":"fl","c":{"a":0,"k":[1,1,1,1],"ix":4},"o":{"a":0,"k":100,"ix":5},"r":1,"bm":0,"nm":"Fill 1","mn":"ADBE Vector Graphic - Fill","hd":false},{"ty":"tr","p":{"a":0,"k":[65.15,86.992],"ix":2},"a":{"a":0,"k":[0,0],"ix":1},"s":{"a":0,"k":[100,100],"ix":3},"r":{"a":0,"k":0,"ix":6},"o":{"a":0,"k":100,"ix":7},"sk":{"a":0,"k":0,"ix":4},"sa":{"a":0,"k":0,"ix":5},"nm":"Transform"}],"nm":"Group 7","np":2,"cix":2,"bm":0,"ix":7,"mn":"ADBE Vector Group","hd":false},{"ty":"gr","it":[{"ind":0,"ty":"sh","ix":1,"ks":{"a":0,"k":{"i":[[0,-8.452],[8.452,0],[0,8.452],[-8.451,0]],"o":[[0,8.452],[-8.451,0],[0,-8.452],[8.452,0]],"v":[[15.303,0],[0,15.303],[-15.303,0],[0,-15.303]],"c":true},"ix":2},"nm":"Path 1","mn":"ADBE Vector Shape - Group","hd":false},{"ty":"fl","c":{"a":0,"k":[0,0,0,1],"ix":4},"o":{"a":0,"k":100,"ix":5},"r":1,"bm":0,"nm":"Fill 1","mn":"ADBE Vector Graphic - Fill","hd":false},{"ty":"tr","p":{"a":0,"k":[69.453,91.078],"ix":2},"a":{"a":0,"k":[0,0],"ix":1},"s":{"a":0,"k":[100,100],"ix":3},"r":{"a":0,"k":0,"ix":6},"o":{"a":0,"k":100,"ix":7},"sk":{"a":0,"k":0,"ix":4},"sa":{"a":0,"k":0,"ix":5},"nm":"Transform"}],"nm":"Group 8","np":2,"cix":2,"bm":0,"ix":8,"mn":"ADBE Vector Group","hd":false},{"ty":"gr","it":[{"ind":0,"ty":"sh","ix":1,"ks":{"a":0,"k":{"i":[[0,0],[-3.417,-0.526],[0,0]],"o":[[0,0],[3.852,-0.789],[0,0]],"v":[[-7.701,-3.42],[-0.102,3.42],[7.701,-3.42]],"c":false},"ix":2},"nm":"Path 1","mn":"ADBE Vector Shape - Group","hd":false},{"ty":"st","c":{"a":0,"k":[0,0,0,1],"ix":3},"o":{"a":0,"k":100,"ix":4},"w":{"a":0,"k":4.926,"ix":5},"lc":2,"lj":2,"bm":0,"nm":"Stroke 1","mn":"ADBE Vector Graphic - Stroke","hd":false},{"ty":"tr","p":{"a":0,"k":[117.905,97.592],"ix":2},"a":{"a":0,"k":[0,0],"ix":1},"s":{"a":0,"k":[100,100],"ix":3},"r":{"a":0,"k":0,"ix":6},"o":{"a":0,"k":100,"ix":7},"sk":{"a":0,"k":0,"ix":4},"sa":{"a":0,"k":0,"ix":5},"nm":"Transform"}],"nm":"Group 9","np":2,"cix":2,"bm":0,"ix":9,"mn":"ADBE Vector Group","hd":false},{"ty":"gr","it":[{"ind":0,"ty":"sh","ix":1,"ks":{"a":0,"k":{"i":[[0,0],[1.743,-1.961],[2.382,-0.02],[0.753,0.342],[0.35,1.74]],"o":[[0.459,2.824],[-1.743,1.961],[-0.804,0.007],[-1.388,-0.63],[0,0]],"v":[[6.777,-5.373],[4.516,2.43],[-2.029,5.366],[-4.402,4.935],[-7.236,1.07]],"c":false},"ix":2},"nm":"Path 1","mn":"ADBE Vector Shape - Group","hd":false},{"ty":"st","c":{"a":0,"k":[0,0,0,1],"ix":3},"o":{"a":0,"k":100,"ix":4},"w":{"a":0,"k":4.926,"ix":5},"lc":2,"lj":2,"bm":0,"nm":"Stroke 1","mn":"ADBE Vector Graphic - Stroke","hd":false},{"ty":"tr","p":{"a":0,"k":[110.804,106.385],"ix":2},"a":{"a":0,"k":[0,0],"ix":1},"s":{"a":0,"k":[100,100],"ix":3},"r":{"a":0,"k":0,"ix":6},"o":{"a":0,"k":100,"ix":7},"sk":{"a":0,"k":0,"ix":4},"sa":{"a":0,"k":0,"ix":5},"nm":"Transform"}],"nm":"Group 10","np":2,"cix":2,"bm":0,"ix":10,"mn":"ADBE Vector Group","hd":false},{"ty":"gr","it":[{"ind":0,"ty":"sh","ix":1,"ks":{"a":0,"k":{"i":[[0,0],[-1.743,-1.961],[-2.382,-0.02],[-0.753,0.342],[-0.35,1.74]],"o":[[-0.459,2.824],[1.743,1.961],[0.804,0.007],[1.388,-0.63],[0,0]],"v":[[-6.776,-5.373],[-4.516,2.43],[2.03,5.366],[4.402,4.935],[7.236,1.07]],"c":false},"ix":2},"nm":"Path 1","mn":"ADBE Vector Shape - Group","hd":false},{"ty":"st","c":{"a":0,"k":[0,0,0,1],"ix":3},"o":{"a":0,"k":100,"ix":4},"w":{"a":0,"k":4.926,"ix":5},"lc":2,"lj":2,"bm":0,"nm":"Stroke 1","mn":"ADBE Vector Graphic - Stroke","hd":false},{"ty":"tr","p":{"a":0,"k":[125.005,106.385],"ix":2},"a":{"a":0,"k":[0,0],"ix":1},"s":{"a":0,"k":[100,100],"ix":3},"r":{"a":0,"k":0,"ix":6},"o":{"a":0,"k":100,"ix":7},"sk":{"a":0,"k":0,"ix":4},"sa":{"a":0,"k":0,"ix":5},"nm":"Transform"}],"nm":"Group 11","np":2,"cix":2,"bm":0,"ix":11,"mn":"ADBE Vector Group","hd":false},{"ty":"gr","it":[{"ind":0,"ty":"sh","ix":1,"ks":{"a":0,"k":{"i":[[-14.712,-46.961],[62.769,0],[-9.83,37.841],[-35.105,0]],"o":[[11.689,37.309],[-78.857,0],[12.947,-49.843],[41.545,0]],"v":[[85.745,-7.437],[-1.169,70.792],[-87.604,-11.946],[-1.169,-70.792]],"c":true},"ix":2},"nm":"Path 1","mn":"ADBE Vector Shape - Group","hd":false},{"ty":"st","c":{"a":0,"k":[0,0,0,1],"ix":3},"o":{"a":0,"k":100,"ix":4},"w":{"a":0,"k":9.752,"ix":5},"lc":2,"lj":2,"bm":0,"nm":"Stroke 1","mn":"ADBE Vector Graphic - Stroke","hd":false},{"ty":"fl","c":{"a":0,"k":[0.949019667682,0.839215746113,0.686274509804,1],"ix":4},"o":{"a":0,"k":100,"ix":5},"r":1,"bm":0,"nm":"Fill 1","mn":"ADBE Vector Graphic - Fill","hd":false},{"ty":"tr","p":{"a":0,"k":[121.814,95.172],"ix":2},"a":{"a":0,"k":[0,0],"ix":1},"s":{"a":0,"k":[100,100],"ix":3},"r":{"a":0,"k":0,"ix":6},"o":{"a":0,"k":100,"ix":7},"sk":{"a":0,"k":0,"ix":4},"sa":{"a":0,"k":0,"ix":5},"nm":"Transform"}],"nm":"Group 12","np":3,"cix":2,"bm":0,"ix":12,"mn":"ADBE Vector Group","hd":false}],"ip":0,"op":60,"st":0,"bm":0},{"ddd":0,"ind":3,"ty":4,"nm":"Layer 3 Outlines","parent":1,"sr":1,"ks":{"o":{"a":0,"k":100,"ix":11},"r":{"a":0,"k":0,"ix":10},"p":{"a":0,"k":[47.779,-0.482,0],"ix":2},"a":{"a":0,"k":[267.235,324.559,0],"ix":1},"s":{"a":0,"k":[100,100,100],"ix":6}},"ao":0,"shapes":[{"ty":"gr","it":[{"ind":0,"ty":"sh","ix":1,"ks":{"a":0,"k":{"i":[[-15.67,9.321],[-15.45,10.449],[-18.49,6.635],[-28.31,4.75],[-32.049,-14.351],[-12.11,-22.916],[-15.52,-21.542],[-1.988,-27.785],[10.498,-19.477],[21.143,-30.295],[16.704,-13.344],[18.753,-23.333],[6.508,-12.84],[-3.767,-14.364],[-3.898,-13.262],[-4.38,-10.18],[2.193,-13.42],[9.799,-7.909],[10.485,-10.988],[12.784,-6.529],[14.25,-4.351],[15.429,-8.35],[15.375,-5.068],[29.22,-1.818],[17.775,13.141],[-0.691,22.122],[-1.585,14.015],[2.467,11.897],[9.477,12.222],[14.077,14.759],[9.892,11.539],[15.933,0.473],[30.823,10.677],[0.718,23.266],[-9.479,23.137],[-12.906,21.771],[-13.712,14.208],[-14.522,12.701],[-13.847,22.298],[-12.498,16.646]],"o":[[-19.673,-8.575],[-17.805,-10.273],[-18.837,-15.07],[-7.588,-29.629],[2.488,-24.839],[14.498,-22.446],[15.285,-21.132],[27.211,3.297],[10.027,3.599],[16.905,17.582],[18.117,11.145],[11.218,2.568],[14.475,-2.817],[16.718,-14.129],[17.66,-13.892],[23.641,-12.695],[17.734,-3.766],[19.453,1.912],[19.668,4.082],[17.152,5.951],[12.237,6.716],[13.181,7.427],[20.555,18.008],[8.49,22.408],[-13.445,20.135],[-19.923,-6.35],[-21.316,7.022],[-7.81,15.644],[-10.506,16.771],[-9.501,16.465],[1.978,14.015],[6.791,18.862],[-17.088,18.49],[-28.245,1.838],[-21.488,-1.823],[-18.212,-3.583],[-17.156,-7.973],[-19.121,-15.328],[-19.684,-20.513],[-17.887,-4.862]],"v":[[-218.976,-81.362],[-223.199,-125.581],[-222.873,-173.058],[-205.159,-229.14],[-160.448,-269.378],[-111.159,-276.118],[-58.536,-275.609],[-11.081,-257.357],[16.934,-205.384],[27.952,-146.843],[27.682,-99.198],[30.342,-43.292],[44.981,-15.302],[74.997,4.016],[117.853,9.431],[149.547,11.605],[181.827,28.032],[199.181,47.785],[213.094,74.813],[220.449,102.142],[223.351,130.576],[223.455,159.063],[221.155,189.925],[209.136,240.287],[171.63,272.102],[134.4,258.126],[113.065,218.279],[76.295,201.665],[41.25,201.661],[2.508,204.209],[-34.624,214.958],[-56.791,241.046],[-94.782,280.544],[-141.647,265.904],[-169.125,222.942],[-182.888,174.153],[-188.439,123.555],[-193.516,72.787],[-201.169,13.623],[-211.814,-44.81]],"c":true},"ix":2},"nm":"Path 1","mn":"ADBE Vector Shape - Group","hd":false},{"ty":"st","c":{"a":0,"k":[0,0,0,1],"ix":3},"o":{"a":0,"k":100,"ix":4},"w":{"a":0,"k":10.21,"ix":5},"lc":2,"lj":2,"bm":0,"nm":"Stroke 1","mn":"ADBE Vector Graphic - Stroke","hd":false},{"ty":"fl","c":{"a":0,"k":[1,1,1,1],"ix":4},"o":{"a":0,"k":100,"ix":5},"r":1,"bm":0,"nm":"Fill 1","mn":"ADBE Vector Graphic - Fill","hd":false},{"ty":"tr","p":{"a":0,"k":[267.235,324.559],"ix":2},"a":{"a":0,"k":[0,0],"ix":1},"s":{"a":0,"k":[100,100],"ix":3},"r":{"a":0,"k":0,"ix":6},"o":{"a":0,"k":100,"ix":7},"sk":{"a":0,"k":0,"ix":4},"sa":{"a":0,"k":0,"ix":5},"nm":"Transform"}],"nm":"Group 1","np":3,"cix":2,"bm":0,"ix":1,"mn":"ADBE Vector Group","hd":false}],"ip":0,"op":60,"st":0,"bm":0},{"ddd":0,"ind":4,"ty":4,"nm":"Layer 6 Outlines","parent":1,"sr":1,"ks":{"o":{"a":0,"k":100,"ix":11},"r":{"a":1,"k":[{"i":{"x":[0.833],"y":[0.833]},"o":{"x":[0.167],"y":[0.167]},"t":0,"s":[-40]},{"i":{"x":[0.833],"y":[0.833]},"o":{"x":[0.167],"y":[0.167]},"t":30,"s":[21]},{"t":60,"s":[-40]}],"ix":10},"p":{"a":0,"k":[-92.839,107.215,0],"ix":2},"a":{"a":0,"k":[172.345,133.182,0],"ix":1},"s":{"a":0,"k":[100,100,100],"ix":6}},"ao":0,"shapes":[{"ty":"gr","it":[{"ind":0,"ty":"sh","ix":1,"ks":{"a":0,"k":{"i":[[0,0],[-12.696,18.776],[-25.548,22.307],[-21.337,31.169],[-26.206,-6.301],[-22.949,-17.652],[2.9,-31.314],[16.476,-27.958],[12.713,-18.369]],"o":[[-24.119,39.703],[-12.696,18.776],[-17.486,15.268],[-15.436,-24.732],[6.572,-32.11],[8.597,-23.445],[1.982,-21.402],[14.144,-16.728],[0,0]],"v":[[23.471,69.525],[-26.805,57.967],[-68.102,34.164],[-100.619,-20.331],[-69.96,-68.208],[-13.581,-85.783],[27.251,-70.529],[65.82,-52.35],[109.243,-25.22]],"c":false},"ix":2},"nm":"Path 1","mn":"ADBE Vector Shape - Group","hd":false},{"ty":"st","c":{"a":0,"k":[0,0,0,1],"ix":3},"o":{"a":0,"k":100,"ix":4},"w":{"a":0,"k":10.21,"ix":5},"lc":2,"lj":2,"bm":0,"nm":"Stroke 1","mn":"ADBE Vector Graphic - Stroke","hd":false},{"ty":"fl","c":{"a":0,"k":[1,1,1,1],"ix":4},"o":{"a":0,"k":100,"ix":5},"r":1,"bm":0,"nm":"Fill 1","mn":"ADBE Vector Graphic - Fill","hd":false},{"ty":"tr","p":{"a":0,"k":[159.405,134.753],"ix":2},"a":{"a":0,"k":[0,0],"ix":1},"s":{"a":0,"k":[100,100],"ix":3},"r":{"a":0,"k":0,"ix":6},"o":{"a":0,"k":100,"ix":7},"sk":{"a":0,"k":0,"ix":4},"sa":{"a":0,"k":0,"ix":5},"nm":"Transform"}],"nm":"Group 1","np":3,"cix":2,"bm":0,"ix":1,"mn":"ADBE Vector Group","hd":false},{"ty":"gr","it":[{"ind":0,"ty":"sh","ix":1,"ks":{"a":0,"k":{"i":[[0,0],[4.634,19.722],[-2.742,4.464],[-5.099,-2.78],[-1.647,-1.76],[-15.101,-4.566]],"o":[[-20.706,-3.622],[-1.26,-5.363],[2.742,-4.465],[2.13,1.162],[10.789,11.53],[0,0]],"v":[[20.633,38.077],[-29.711,-15.548],[-28.464,-31.185],[-14.156,-35.297],[-8.752,-30.508],[31.206,-5.665]],"c":false},"ix":2},"nm":"Path 1","mn":"ADBE Vector Shape - Group","hd":false},{"ty":"st","c":{"a":0,"k":[0,0,0,1],"ix":3},"o":{"a":0,"k":100,"ix":4},"w":{"a":0,"k":9.752,"ix":5},"lc":2,"lj":2,"bm":0,"nm":"Stroke 1","mn":"ADBE Vector Graphic - Stroke","hd":false},{"ty":"fl","c":{"a":0,"k":[0.949019667682,0.839215746113,0.686274509804,1],"ix":4},"o":{"a":0,"k":100,"ix":5},"r":1,"bm":0,"nm":"Fill 1","mn":"ADBE Vector Graphic - Fill","hd":false},{"ty":"tr","p":{"a":0,"k":[55.586,72.348],"ix":2},"a":{"a":0,"k":[0,0],"ix":1},"s":{"a":0,"k":[100,100],"ix":3},"r":{"a":0,"k":0,"ix":6},"o":{"a":0,"k":100,"ix":7},"sk":{"a":0,"k":0,"ix":4},"sa":{"a":0,"k":0,"ix":5},"nm":"Transform"}],"nm":"Group 2","np":3,"cix":2,"bm":0,"ix":2,"mn":"ADBE Vector Group","hd":false}],"ip":0,"op":60,"st":0,"bm":0},{"ddd":0,"ind":5,"ty":4,"nm":"Layer 5 Outlines","parent":1,"sr":1,"ks":{"o":{"a":0,"k":100,"ix":11},"r":{"a":1,"k":[{"i":{"x":[0.833],"y":[0.833]},"o":{"x":[0.167],"y":[0.167]},"t":0,"s":[-10]},{"i":{"x":[0.833],"y":[0.833]},"o":{"x":[0.167],"y":[0.167]},"t":30,"s":[10]},{"t":59,"s":[-10]}],"ix":10},"p":{"a":0,"k":[-62.134,-284.641,0],"ix":2},"a":{"a":0,"k":[141.745,72.734,0],"ix":1},"s":{"a":0,"k":[100,100,100],"ix":6}},"ao":0,"shapes":[{"ty":"gr","it":[{"ind":0,"ty":"sh","ix":1,"ks":{"a":0,"k":{"i":[[0,0],[-0.446,8.185],[-0.935,3.655],[-6.725,1.048],[-3.278,-8.718],[-0.024,-3.604],[6.476,-9.54],[8.533,-5.924]],"o":[[-0.253,-8.2],[0.21,-3.855],[2.262,-8.848],[6.924,-1.078],[1.209,3.216],[0.086,12.919],[-6.475,9.54],[0,0]],"v":[[-18.808,12.878],[-18.518,-11.727],[-17.079,-23.126],[-0.959,-39.51],[17.346,-27.204],[18.975,-16.715],[8.05,18.171],[-15.26,40.587]],"c":false},"ix":2},"nm":"Path 1","mn":"ADBE Vector Shape - Group","hd":false},{"ty":"st","c":{"a":0,"k":[0,0,0,1],"ix":3},"o":{"a":0,"k":100,"ix":4},"w":{"a":0,"k":10.984,"ix":5},"lc":2,"lj":2,"bm":0,"nm":"Stroke 1","mn":"ADBE Vector Graphic - Stroke","hd":false},{"ty":"fl","c":{"a":0,"k":[0.949019667682,0.839215746113,0.686274509804,1],"ix":4},"o":{"a":0,"k":100,"ix":5},"r":1,"bm":0,"nm":"Fill 1","mn":"ADBE Vector Graphic - Fill","hd":false},{"ty":"tr","p":{"a":0,"k":[236.97,68.047],"ix":2},"a":{"a":0,"k":[0,0],"ix":1},"s":{"a":0,"k":[100,100],"ix":3},"r":{"a":0,"k":0,"ix":6},"o":{"a":0,"k":100,"ix":7},"sk":{"a":0,"k":0,"ix":4},"sa":{"a":0,"k":0,"ix":5},"nm":"Transform"}],"nm":"Group 1","np":3,"cix":2,"bm":0,"ix":1,"mn":"ADBE Vector Group","hd":false},{"ty":"gr","it":[{"ind":0,"ty":"sh","ix":1,"ks":{"a":0,"k":{"i":[[0,0],[0.446,8.185],[0.935,3.655],[6.725,1.048],[3.278,-8.718],[0.024,-3.604],[-6.476,-9.54],[-8.533,-5.924]],"o":[[0.253,-8.2],[-0.21,-3.855],[-2.262,-8.848],[-6.924,-1.078],[-1.209,3.216],[-0.086,12.919],[6.475,9.54],[0,0]],"v":[[18.808,12.878],[18.518,-11.727],[17.079,-23.126],[0.959,-39.51],[-17.346,-27.204],[-18.975,-16.715],[-8.05,18.171],[15.26,40.587]],"c":false},"ix":2},"nm":"Path 1","mn":"ADBE Vector Shape - Group","hd":false},{"ty":"st","c":{"a":0,"k":[0,0,0,1],"ix":3},"o":{"a":0,"k":100,"ix":4},"w":{"a":0,"k":10.984,"ix":5},"lc":2,"lj":2,"bm":0,"nm":"Stroke 1","mn":"ADBE Vector Graphic - Stroke","hd":false},{"ty":"fl","c":{"a":0,"k":[0.949019667682,0.839215746113,0.686274509804,1],"ix":4},"o":{"a":0,"k":100,"ix":5},"r":1,"bm":0,"nm":"Fill 1","mn":"ADBE Vector Graphic - Fill","hd":false},{"ty":"tr","p":{"a":0,"k":[46.521,77.421],"ix":2},"a":{"a":0,"k":[0,0],"ix":1},"s":{"a":0,"k":[100,100],"ix":3},"r":{"a":0,"k":0,"ix":6},"o":{"a":0,"k":100,"ix":7},"sk":{"a":0,"k":0,"ix":4},"sa":{"a":0,"k":0,"ix":5},"nm":"Transform"}],"nm":"Group 2","np":3,"cix":2,"bm":0,"ix":2,"mn":"ADBE Vector Group","hd":false}],"ip":0,"op":60,"st":0,"bm":0},{"ddd":0,"ind":6,"ty":4,"nm":"Layer 2 Outlines","parent":1,"sr":1,"ks":{"o":{"a":0,"k":100,"ix":11},"r":{"a":0,"k":0,"ix":10},"p":{"a":0,"k":[82.136,285.406,0],"ix":2},"a":{"a":0,"k":[189.04,62.699,0],"ix":1},"s":{"a":0,"k":[100,100,100],"ix":6}},"ao":0,"shapes":[{"ty":"gr","it":[{"ind":0,"ty":"sh","ix":1,"ks":{"a":0,"k":{"i":[[0,0],[11.786,-14.805],[4.86,-0.57],[0.909,5.348],[-0.339,2.226],[5.384,13.716]],"o":[[9.318,17.283],[-3.205,4.026],[-4.861,0.571],[-0.38,-2.234],[2.218,-14.582],[0,0]],"v":[[14.44,-38.319],[4.221,29.62],[-7.97,37.748],[-19.26,29.631],[-18.872,22.898],[-23.758,-20.777]],"c":false},"ix":2},"nm":"Path 1","mn":"ADBE Vector Shape - Group","hd":false},{"ty":"st","c":{"a":0,"k":[0,0,0,1],"ix":3},"o":{"a":0,"k":100,"ix":4},"w":{"a":0,"k":9.752,"ix":5},"lc":2,"lj":2,"bm":0,"nm":"Stroke 1","mn":"ADBE Vector Graphic - Stroke","hd":false},{"ty":"fl","c":{"a":0,"k":[0.949019667682,0.839215746113,0.686274509804,1],"ix":4},"o":{"a":0,"k":100,"ix":5},"r":1,"bm":0,"nm":"Fill 1","mn":"ADBE Vector Graphic - Fill","hd":false},{"ty":"tr","p":{"a":0,"k":[329.941,62.699],"ix":2},"a":{"a":0,"k":[0,0],"ix":1},"s":{"a":0,"k":[100,100],"ix":3},"r":{"a":0,"k":0,"ix":6},"o":{"a":0,"k":100,"ix":7},"sk":{"a":0,"k":0,"ix":4},"sa":{"a":0,"k":0,"ix":5},"nm":"Transform"}],"nm":"Group 1","np":3,"cix":2,"bm":0,"ix":1,"mn":"ADBE Vector Group","hd":false},{"ty":"gr","it":[{"ind":0,"ty":"sh","ix":1,"ks":{"a":0,"k":{"i":[[0,0],[11.786,-14.805],[4.86,-0.57],[0.909,5.348],[-0.339,2.226],[5.384,13.716]],"o":[[9.318,17.283],[-3.205,4.026],[-4.861,0.571],[-0.38,-2.234],[2.218,-14.582],[0,0]],"v":[[14.441,-38.319],[4.221,29.62],[-7.969,37.748],[-19.26,29.631],[-18.872,22.898],[-23.758,-20.777]],"c":false},"ix":2},"nm":"Path 1","mn":"ADBE Vector Shape - Group","hd":false},{"ty":"st","c":{"a":0,"k":[0,0,0,1],"ix":3},"o":{"a":0,"k":100,"ix":4},"w":{"a":0,"k":9.752,"ix":5},"lc":2,"lj":2,"bm":0,"nm":"Stroke 1","mn":"ADBE Vector Graphic - Stroke","hd":false},{"ty":"fl","c":{"a":0,"k":[0.949019667682,0.839215746113,0.686274509804,1],"ix":4},"o":{"a":0,"k":100,"ix":5},"r":1,"bm":0,"nm":"Fill 1","mn":"ADBE Vector Graphic - Fill","hd":false},{"ty":"tr","p":{"a":0,"k":[48.138,62.699],"ix":2},"a":{"a":0,"k":[0,0],"ix":1},"s":{"a":0,"k":[100,100],"ix":3},"r":{"a":0,"k":0,"ix":6},"o":{"a":0,"k":100,"ix":7},"sk":{"a":0,"k":0,"ix":4},"sa":{"a":0,"k":0,"ix":5},"nm":"Transform"}],"nm":"Group 2","np":3,"cix":2,"bm":0,"ix":2,"mn":"ADBE Vector Group","hd":false}],"ip":0,"op":60,"st":0,"bm":0},{"ddd":0,"ind":7,"ty":4,"nm":"Layer 1 Outlines","parent":1,"sr":1,"ks":{"o":{"a":0,"k":100,"ix":11},"r":{"a":1,"k":[{"i":{"x":[0.833],"y":[0.833]},"o":{"x":[0.167],"y":[0.167]},"t":0,"s":[0]},{"i":{"x":[0.833],"y":[0.833]},"o":{"x":[0.167],"y":[0.167]},"t":30,"s":[-34]},{"t":59,"s":[0]}],"ix":10},"p":{"a":0,"k":[255.917,11.159,0],"ix":2},"a":{"a":0,"k":[61.276,63.293,0],"ix":1},"s":{"a":0,"k":[100,100,100],"ix":6}},"ao":0,"shapes":[{"ty":"gr","it":[{"ind":0,"ty":"sh","ix":1,"ks":{"a":0,"k":{"i":[[0,0],[-16.024,-10.508],[-0.06,-3.485],[-6.273,-4.301],[9.994,-6.161],[-1.58,-4.809],[3.413,-3.869],[4.816,-1.85],[5.734,0.871],[5.997,4.991]],"o":[[-3.377,-14.231],[1.325,0.869],[4.398,-3.609],[7.778,5.333],[4.964,-1.317],[1.609,4.901],[-3.412,3.869],[-5.414,2.08],[-7.714,-1.171],[0,0]],"v":[[-32.374,3.445],[-0.818,-27.26],[4.205,-19.072],[21.531,-19.55],[22.376,4.964],[34.142,11.74],[30.481,26.065],[17.503,34.213],[0.512,36.897],[-19.61,25.552]],"c":false},"ix":2},"nm":"Path 1","mn":"ADBE Vector Shape - Group","hd":false},{"ty":"st","c":{"a":0,"k":[0,0,0,1],"ix":3},"o":{"a":0,"k":100,"ix":4},"w":{"a":0,"k":10.21,"ix":5},"lc":2,"lj":2,"bm":0,"nm":"Stroke 1","mn":"ADBE Vector Graphic - Stroke","hd":false},{"ty":"fl","c":{"a":0,"k":[1,1,1,1],"ix":4},"o":{"a":0,"k":100,"ix":5},"r":1,"bm":0,"nm":"Fill 1","mn":"ADBE Vector Graphic - Fill","hd":false},{"ty":"tr","p":{"a":0,"k":[61.276,63.293],"ix":2},"a":{"a":0,"k":[0,0],"ix":1},"s":{"a":0,"k":[100,100],"ix":3},"r":{"a":0,"k":0,"ix":6},"o":{"a":0,"k":100,"ix":7},"sk":{"a":0,"k":0,"ix":4},"sa":{"a":0,"k":0,"ix":5},"nm":"Transform"}],"nm":"Group 1","np":3,"cix":2,"bm":0,"ix":1,"mn":"ADBE Vector Group","hd":false}],"ip":0,"op":60,"st":0,"bm":0}],"markers":[]}