{"v":"5.7.4","fr":30,"ip":0,"op":91,"w":500,"h":500,"nm":"Final","ddd":0,"assets":[],"layers":[{"ddd":0,"ind":1,"ty":4,"nm":"Cross Icon","sr":1,"ks":{"o":{"a":0,"k":100,"ix":11},"r":{"a":1,"k":[{"i":{"x":[0.667],"y":[1]},"o":{"x":[0.333],"y":[0]},"t":40,"s":[47]},{"i":{"x":[0.667],"y":[1]},"o":{"x":[0.333],"y":[0]},"t":50,"s":[-12]},{"t":55,"s":[0]}],"ix":10},"p":{"a":0,"k":[331.62,352.091,0],"ix":2,"l":2},"a":{"a":0,"k":[334.62,352.091,0],"ix":1,"l":2},"s":{"a":1,"k":[{"i":{"x":[0.667,0.667,0.667],"y":[1,1,1]},"o":{"x":[0.333,0.333,0.333],"y":[0,0,0]},"t":40,"s":[0,0,100]},{"i":{"x":[0.667,0.667,0.667],"y":[1,1,1]},"o":{"x":[0.333,0.333,0.333],"y":[0,0,0]},"t":50,"s":[109,109,100]},{"t":55,"s":[100,100,100]}],"ix":6,"l":2}},"ao":0,"shapes":[{"ty":"gr","it":[{"ind":0,"ty":"sh","ix":1,"ks":{"a":0,"k":{"i":[[0,0],[-0.247,-0.592],[0,-0.642],[0.247,-0.593],[0.456,-0.452],[0.592,-0.247],[0.642,0],[0.593,0.247],[0.452,0.456],[0,0],[0,0],[0.592,-0.247],[0.642,0],[0.593,0.247],[0.452,0.456],[0.247,0.592],[0,0.642],[-0.247,0.593],[-0.456,0.452],[0,0],[0,0],[0,1.295],[-0.915,0.915],[-1.295,0],[-0.915,-0.915],[0,0],[0,0],[-1.295,0],[-0.915,-0.915],[0,-1.295],[0.915,-0.915],[0,0]],"o":[[0.456,0.452],[0.247,0.593],[0,0.642],[-0.247,0.592],[-0.452,0.456],[-0.593,0.247],[-0.642,0],[-0.592,-0.247],[0,0],[0,0],[-0.452,0.456],[-0.593,0.247],[-0.642,0],[-0.592,-0.247],[-0.456,-0.452],[-0.247,-0.593],[0,-0.642],[0.247,-0.592],[0,0],[0,0],[-0.915,-0.915],[0,-1.295],[0.915,-0.915],[1.295,0],[0,0],[0,0],[0.915,-0.915],[1.295,0],[0.915,0.915],[0,1.295],[0,0],[0,0]],"v":[[13.175,6.271],[14.239,7.853],[14.613,9.723],[14.239,11.593],[13.175,13.175],[11.593,14.239],[9.723,14.613],[7.853,14.239],[6.271,13.175],[0,6.855],[-6.271,13.175],[-7.853,14.239],[-9.723,14.613],[-11.593,14.239],[-13.175,13.175],[-14.239,11.593],[-14.613,9.723],[-14.239,7.853],[-13.175,6.271],[-6.855,0],[-13.175,-6.271],[-14.604,-9.723],[-13.175,-13.175],[-9.723,-14.604],[-6.271,-13.175],[0,-6.855],[6.271,-13.175],[9.723,-14.604],[13.175,-13.175],[14.604,-9.723],[13.175,-6.271],[6.855,0]],"c":true},"ix":2},"nm":"Path 1","mn":"ADBE Vector Shape - Group","hd":false},{"ind":1,"ty":"sh","ix":2,"ks":{"a":0,"k":{"i":[[6.384,0],[7.995,-5.342],[3.68,-8.883],[-1.876,-9.43],[-6.799,-6.799],[-9.43,-1.876],[-8.883,3.68],[-5.342,7.995],[0,9.615],[2.443,5.898],[4.514,4.514],[5.898,2.443]],"o":[[-9.615,0],[-7.995,5.342],[-3.68,8.883],[1.876,9.43],[6.799,6.799],[9.43,1.876],[8.883,-3.68],[5.342,-7.995],[0,-6.384],[-2.443,-5.898],[-4.514,-4.514],[-5.898,-2.443]],"v":[[0,-48.615],[-27.009,-40.422],[-44.914,-18.604],[-47.68,9.484],[-34.376,34.376],[-9.484,47.681],[18.604,44.914],[40.422,27.009],[48.615,0],[44.914,-18.604],[34.376,-34.376],[18.604,-44.914]],"c":true},"ix":2},"nm":"Path 2","mn":"ADBE Vector Shape - Group","hd":false},{"ty":"fl","c":{"a":0,"k":[1,0,0,1],"ix":4},"o":{"a":0,"k":100,"ix":5},"r":1,"bm":0,"nm":"Fill 1","mn":"ADBE Vector Graphic - Fill","hd":false},{"ty":"tr","p":{"a":0,"k":[334.62,352.091],"ix":2},"a":{"a":0,"k":[0,0],"ix":1},"s":{"a":0,"k":[100,100],"ix":3},"r":{"a":0,"k":0,"ix":6},"o":{"a":0,"k":100,"ix":7},"sk":{"a":0,"k":0,"ix":4},"sa":{"a":0,"k":0,"ix":5},"nm":"Transform"}],"nm":"Group 1","np":3,"cix":2,"bm":0,"ix":1,"mn":"ADBE Vector Group","hd":false},{"ty":"gr","it":[{"ind":0,"ty":"sh","ix":1,"ks":{"a":0,"k":{"i":[[-32.219,0],[0,0],[0,-32.219],[0,0],[32.219,0],[0,0],[0,32.219],[0,0]],"o":[[0,0],[32.219,0],[0,0],[0,32.219],[0,0],[-32.219,0],[0,0],[0,-32.219]],"v":[[0,-58.338],[0,-58.338],[58.338,0],[58.338,0],[0,58.338],[0,58.338],[-58.338,0],[-58.338,0]],"c":true},"ix":2},"nm":"Path 1","mn":"ADBE Vector Shape - Group","hd":false},{"ty":"fl","c":{"a":0,"k":[1,1,1,1],"ix":4},"o":{"a":0,"k":100,"ix":5},"r":1,"bm":0,"nm":"Fill 1","mn":"ADBE Vector Graphic - Fill","hd":false},{"ty":"tr","p":{"a":0,"k":[334.62,352.091],"ix":2},"a":{"a":0,"k":[0,0],"ix":1},"s":{"a":0,"k":[100,100],"ix":3},"r":{"a":0,"k":0,"ix":6},"o":{"a":0,"k":100,"ix":7},"sk":{"a":0,"k":0,"ix":4},"sa":{"a":0,"k":0,"ix":5},"nm":"Transform"}],"nm":"Group 2","np":2,"cix":2,"bm":0,"ix":2,"mn":"ADBE Vector Group","hd":false}],"ip":0,"op":300,"st":0,"bm":0},{"ddd":0,"ind":2,"ty":4,"nm":"Bucket Sip","sr":1,"ks":{"o":{"a":0,"k":100,"ix":11},"r":{"a":1,"k":[{"i":{"x":[0.213],"y":[1]},"o":{"x":[0.333],"y":[0]},"t":0,"s":[0]},{"i":{"x":[0],"y":[1]},"o":{"x":[0.642],"y":[0]},"t":15,"s":[-13]},{"i":{"x":[0.833],"y":[1]},"o":{"x":[0.167],"y":[0]},"t":30,"s":[-8]},{"i":{"x":[0.667],"y":[1]},"o":{"x":[0.167],"y":[0]},"t":40,"s":[-8]},{"t":55,"s":[0]}],"ix":10},"p":{"a":1,"k":[{"i":{"x":0.213,"y":1},"o":{"x":0.333,"y":0},"t":0,"s":[107.042,179.813,0],"to":[0,-7.167,0],"ti":[0,7.167,0]},{"i":{"x":0.213,"y":0.213},"o":{"x":0.931,"y":0.931},"t":15,"s":[107.042,136.813,0],"to":[0,0,0],"ti":[0,0,0]},{"i":{"x":0.667,"y":1},"o":{"x":0.931,"y":0},"t":40,"s":[107.042,136.813,0],"to":[0,7.833,0],"ti":[0,-7.167,0]},{"i":{"x":0.667,"y":1},"o":{"x":0.333,"y":0},"t":55,"s":[107.042,183.813,0],"to":[0,7.167,0],"ti":[0,0.667,0]},{"t":60,"s":[107.042,179.813,0]}],"ix":2,"l":2},"a":{"a":0,"k":[107.042,179.813,0],"ix":1,"l":2},"s":{"a":0,"k":[100,100,100],"ix":6,"l":2}},"ao":0,"shapes":[{"ty":"gr","it":[{"ind":0,"ty":"sh","ix":1,"ks":{"a":0,"k":{"i":[[5.538,0],[0,0],[0,-5.538],[0,0],[-5.538,0],[0,0],[0,5.538],[0,0]],"o":[[0,0],[-5.538,0],[0,0],[0,5.538],[0,0],[5.538,0],[0,0],[0,-5.538]],"v":[[120.321,-25.067],[-120.321,-25.067],[-130.348,-15.04],[-130.348,15.04],[-120.321,25.067],[120.321,25.067],[130.348,15.04],[130.348,-15.04]],"c":true},"ix":2},"nm":"Path 1","mn":"ADBE Vector Shape - Group","hd":false},{"ty":"fl","c":{"a":0,"k":[0.988235294819,0.317647069693,0.317647069693,1],"ix":4},"o":{"a":0,"k":100,"ix":5},"r":1,"bm":0,"nm":"Fill 1","mn":"ADBE Vector Graphic - Fill","hd":false},{"ty":"tr","p":{"a":0,"k":[237.391,154.746],"ix":2},"a":{"a":0,"k":[0,0],"ix":1},"s":{"a":0,"k":[100,100],"ix":3},"r":{"a":0,"k":0,"ix":6},"o":{"a":0,"k":100,"ix":7},"sk":{"a":0,"k":0,"ix":4},"sa":{"a":0,"k":0,"ix":5},"nm":"Transform"}],"nm":"Group 1","np":2,"cix":2,"bm":0,"ix":1,"mn":"ADBE Vector Group","hd":false},{"ty":"gr","it":[{"ind":0,"ty":"sh","ix":1,"ks":{"a":0,"k":{"i":[[0,0],[0,0],[2.82,-2.82],[0.004,-3.988],[0,0],[-0.94,-0.94],[-1.33,0],[0,0],[-0.94,0.94],[0,1.33],[0,0],[2.82,2.82],[3.987,0.004]],"o":[[0,0],[-3.987,0.004],[-2.82,2.82],[0,0],[0,1.33],[0.94,0.94],[0,0],[1.33,0],[0.94,-0.94],[0,0],[-0.004,-3.988],[-2.82,-2.82],[0,0]],"v":[[55.148,-25.067],[-55.148,-25.067],[-65.778,-20.657],[-70.188,-10.027],[-70.188,20.054],[-68.719,23.599],[-65.174,25.067],[65.174,25.067],[68.719,23.599],[70.188,20.054],[70.188,-10.027],[65.778,-20.657],[55.148,-25.067]],"c":true},"ix":2},"nm":"Path 1","mn":"ADBE Vector Shape - Group","hd":false},{"ty":"fl","c":{"a":0,"k":[0.890196084976,0.274509817362,0.274509817362,1],"ix":4},"o":{"a":0,"k":100,"ix":5},"r":1,"bm":0,"nm":"Fill 1","mn":"ADBE Vector Graphic - Fill","hd":false},{"ty":"tr","p":{"a":0,"k":[237.391,114.638],"ix":2},"a":{"a":0,"k":[0,0],"ix":1},"s":{"a":0,"k":[100,100],"ix":3},"r":{"a":0,"k":0,"ix":6},"o":{"a":0,"k":100,"ix":7},"sk":{"a":0,"k":0,"ix":4},"sa":{"a":0,"k":0,"ix":5},"nm":"Transform"}],"nm":"Group 2","np":2,"cix":2,"bm":0,"ix":2,"mn":"ADBE Vector Group","hd":false}],"ip":0,"op":300,"st":0,"bm":0},{"ddd":0,"ind":3,"ty":4,"nm":"Bucket","sr":1,"ks":{"o":{"a":0,"k":100,"ix":11},"r":{"a":0,"k":0,"ix":10},"p":{"a":0,"k":[237.389,290.107,0],"ix":2,"l":2},"a":{"a":0,"k":[237.389,290.107,0],"ix":1,"l":2},"s":{"a":0,"k":[100,100,100],"ix":6,"l":2}},"ao":0,"shapes":[{"ty":"gr","it":[{"ind":0,"ty":"sh","ix":1,"ks":{"a":0,"k":{"i":[[0.105,0],[0.929,0.873],[0.08,1.272],[0,0],[-0.879,0.987],[-1.319,0.083],[-0.995,-0.869],[-0.095,-1.318],[0,0],[0.213,-0.623],[0.436,-0.493],[0.591,-0.289],[0.657,-0.04]],"o":[[-1.275,-0.001],[-0.929,-0.873],[0,0],[-0.07,-1.319],[0.879,-0.986],[1.319,-0.083],[0.995,0.87],[0,0],[0.041,0.657],[-0.213,0.623],[-0.436,0.493],[-0.592,0.289],[-0.108,0.008]],"v":[[5.007,85.204],[1.578,83.843],[0.009,80.504],[-10.018,-79.925],[-8.756,-83.525],[-5.325,-85.194],[-1.713,-83.966],[-0.011,-80.551],[10.015,79.877],[9.755,81.815],[8.772,83.506],[7.217,84.692],[5.326,85.191]],"c":true},"ix":2},"nm":"Path 1","mn":"ADBE Vector Shape - Group","hd":false},{"ty":"fl","c":{"a":0,"k":[0.988235294819,0.317647069693,0.317647069693,1],"ix":4},"o":{"a":0,"k":100,"ix":5},"r":1,"bm":0,"nm":"Fill 1","mn":"ADBE Vector Graphic - Fill","hd":false},{"ty":"tr","p":{"a":0,"k":[187.257,290.131],"ix":2},"a":{"a":0,"k":[0,0],"ix":1},"s":{"a":0,"k":[100,100],"ix":3},"r":{"a":0,"k":0,"ix":6},"o":{"a":0,"k":100,"ix":7},"sk":{"a":0,"k":0,"ix":4},"sa":{"a":0,"k":0,"ix":5},"nm":"Transform"}],"nm":"Group 1","np":2,"cix":2,"bm":0,"ix":1,"mn":"ADBE Vector Group","hd":false},{"ty":"gr","it":[{"ind":0,"ty":"sh","ix":1,"ks":{"a":0,"k":{"i":[[1.273,-0.002],[0.107,0.005],[0.591,0.289],[0.436,0.494],[0.213,0.623],[-0.041,0.657],[0,0],[-0.993,0.876],[-1.322,-0.065],[-0.592,-0.29],[-0.436,-0.493],[-0.213,-0.623],[0.042,-0.657],[0,0],[0.928,-0.872]],"o":[[-0.105,0],[-0.657,-0.04],[-0.591,-0.289],[-0.436,-0.493],[-0.213,-0.623],[0,0],[0.1,-1.32],[0.993,-0.876],[0.657,0.04],[0.591,0.289],[0.436,0.494],[0.213,0.623],[0,0],[-0.08,1.271],[-0.928,0.873]],"v":[[-5.007,85.224],[-5.325,85.214],[-7.216,84.715],[-8.772,83.529],[-9.755,81.838],[-10.016,79.9],[0.011,-80.528],[1.715,-83.954],[5.326,-85.218],[7.217,-84.719],[8.773,-83.533],[9.756,-81.841],[10.016,-79.902],[-0.011,80.527],[-1.581,83.863]],"c":true},"ix":2},"nm":"Path 1","mn":"ADBE Vector Shape - Group","hd":false},{"ty":"fl","c":{"a":0,"k":[0.988235294819,0.317647069693,0.317647069693,1],"ix":4},"o":{"a":0,"k":100,"ix":5},"r":1,"bm":0,"nm":"Fill 1","mn":"ADBE Vector Graphic - Fill","hd":false},{"ty":"tr","p":{"a":0,"k":[287.523,290.111],"ix":2},"a":{"a":0,"k":[0,0],"ix":1},"s":{"a":0,"k":[100,100],"ix":3},"r":{"a":0,"k":0,"ix":6},"o":{"a":0,"k":100,"ix":7},"sk":{"a":0,"k":0,"ix":4},"sa":{"a":0,"k":0,"ix":5},"nm":"Transform"}],"nm":"Group 2","np":2,"cix":2,"bm":0,"ix":2,"mn":"ADBE Vector Group","hd":false},{"ty":"gr","it":[{"ind":0,"ty":"sh","ix":1,"ks":{"a":0,"k":{"i":[[1.33,0],[0.94,0.94],[0,1.33],[0,0],[-0.94,0.94],[-1.33,0],[-0.94,-0.94],[0,-1.33],[0,0],[0.94,-0.94]],"o":[[-1.33,0],[-0.94,-0.94],[0,0],[0,-1.33],[0.94,-0.94],[1.33,0],[0.94,0.94],[0,0],[0,1.33],[-0.94,0.94]],"v":[[0,85.227],[-3.545,83.759],[-5.013,80.214],[-5.013,-80.214],[-3.545,-83.759],[0,-85.227],[3.545,-83.759],[5.013,-80.214],[5.013,80.214],[3.545,83.759]],"c":true},"ix":2},"nm":"Path 1","mn":"ADBE Vector Shape - Group","hd":false},{"ty":"fl","c":{"a":0,"k":[0.988235294819,0.317647069693,0.317647069693,1],"ix":4},"o":{"a":0,"k":100,"ix":5},"r":1,"bm":0,"nm":"Fill 1","mn":"ADBE Vector Graphic - Fill","hd":false},{"ty":"tr","p":{"a":0,"k":[237.391,290.107],"ix":2},"a":{"a":0,"k":[0,0],"ix":1},"s":{"a":0,"k":[100,100],"ix":3},"r":{"a":0,"k":0,"ix":6},"o":{"a":0,"k":100,"ix":7},"sk":{"a":0,"k":0,"ix":4},"sa":{"a":0,"k":0,"ix":5},"nm":"Transform"}],"nm":"Group 3","np":2,"cix":2,"bm":0,"ix":3,"mn":"ADBE Vector Group","hd":false},{"ty":"gr","it":[{"ind":0,"ty":"sh","ix":1,"ks":{"a":0,"k":{"i":[[0.47,0.517],[0.639,0.282],[0.698,0],[0,0],[0.639,-0.282],[0.47,-0.517],[0.221,-0.663],[-0.066,-0.695],[0,0],[-0.923,-0.839],[-1.247,0],[0,0],[-0.923,0.84],[-0.118,1.242],[0,0],[0.221,0.663]],"o":[[-0.47,-0.516],[-0.639,-0.282],[0,0],[-0.699,0],[-0.639,0.282],[-0.47,0.517],[-0.221,0.663],[0,0],[0.118,1.242],[0.923,0.84],[0,0],[1.247,0],[0.923,-0.839],[0,0],[0.065,-0.695],[-0.221,-0.663]],"v":[[110.9,-118.682],[109.217,-119.893],[107.19,-120.321],[-107.19,-120.321],[-109.219,-119.893],[-110.9,-118.681],[-111.947,-116.893],[-112.182,-114.833],[-90.219,115.783],[-88.601,119.017],[-85.227,120.321],[85.228,120.321],[88.601,119.017],[90.219,115.783],[112.183,-114.833],[111.946,-116.893]],"c":true},"ix":2},"nm":"Path 1","mn":"ADBE Vector Shape - Group","hd":false},{"ty":"fl","c":{"a":0,"k":[1,0.901960790157,0.901960790157,1],"ix":4},"o":{"a":0,"k":100,"ix":5},"r":1,"bm":0,"nm":"Fill 1","mn":"ADBE Vector Graphic - Fill","hd":false},{"ty":"tr","p":{"a":0,"k":[237.389,290.107],"ix":2},"a":{"a":0,"k":[0,0],"ix":1},"s":{"a":0,"k":[100,100],"ix":3},"r":{"a":0,"k":0,"ix":6},"o":{"a":0,"k":100,"ix":7},"sk":{"a":0,"k":0,"ix":4},"sa":{"a":0,"k":0,"ix":5},"nm":"Transform"}],"nm":"Group 4","np":2,"cix":2,"bm":0,"ix":4,"mn":"ADBE Vector Group","hd":false}],"ip":0,"op":300,"st":0,"bm":0}],"markers":[]}