{
  "project_info": {
    "project_number": "258846593171",
    "project_id": "spotifyclone-c3141",
    "storage_bucket": "spotifyclone-c3141.appspot.com"
  },
  "client": [
    {
      "client_info": {
        "mobilesdk_app_id": "1:258846593171:android:04b1b4c560b5a3792d7d66",
        "android_client_info": {
          "package_name": "com.plcoding.spotifycloneyt"
        }
      },
      "oauth_client": [
        {
          "client_id": "258846593171-3sj41htp6l3vpf6t0tr0ssebt6ur90r1.apps.googleusercontent.com",
          "client_type": 3
        }
      ],
      "api_key": [
        {
          "current_key": "AIzaSyBK-fTEBQKNrVuyMo821vC6-XYhMYQjjxM"
        }
      ],
      "services": {
        "appinvite_service": {
          "other_platform_oauth_client": [
            {
              "client_id": "258846593171-3sj41htp6l3vpf6t0tr0ssebt6ur90r1.apps.googleusercontent.com",
              "client_type": 3
            }
          ]
        }
      }
    }
  ],
  "configuration_version": "1"
}