{
  "project_info": {
    "project_number": "361855368988",
    "project_id": "travelapp-80779",
    "storage_bucket": "travelapp-80779.appspot.com"
  },
  "client": [
    {
      "client_info": {
        "mobilesdk_app_id": "1:361855368988:android:ea3eac18cef3cac568c4d9",
        "android_client_info": {
          "package_name": "com.serapercel.travelapp"
        }
      },
      "oauth_client": [
        {
          "client_id": "361855368988-5fbhqvbklukg5866c66jmehjj074vg65.apps.googleusercontent.com",
          "client_type": 3
        }
      ],
      "api_key": [
        {
          "current_key": "AIzaSyBuqOffSK1-tO85IPMG9sYMf4e3mxlXUhI"
        }
      ],
      "services": {
        "appinvite_service": {
          "other_platform_oauth_client": [
            {
              "client_id": "361855368988-5fbhqvbklukg5866c66jmehjj074vg65.apps.googleusercontent.com",
              "client_type": 3
            }
          ]
        }
      }
    }
  ],
  "configuration_version": "1"
}